key,created,reporter,status,project,issue_type,components,summary,url
DROIDBUG-15927861,2026-09-30T11:40:17.000-0700,Manisha Nakka,Rejected,DROIDBUG,Task,Snapdragon_Auto.HGY.4.1.6.0,"Snapdragon_Auto.HGY.4.1.6.0_PDT - [Snapdragon_Auto.HGY.4.1.6.0.r1-00242-STD.INT-1] - APPS Crash - Kernel panic - not syncing: sysrq triggered crash, UEFI mode enabled, UEFI Cookie : 0x75656669",https://jira-dc2-tools.qualcomm.com/jira/browse/DROIDBUG-15927861
DROIDBUG-15927940,2026-09-30T12:07:04.000-0700,Manisha Nakka,Rejected,DROIDBUG,Task,Snapdragon_Auto.HGY.4.1.6.0,"Snapdragon_Auto.HGY.4.1.6.0_PDT - [Snapdragon_Auto.HGY.4.1.6.0.r1-00242-STD.INT-1] - APPS Crash - Kernel panic - not syncing: sysrq triggered crash, UEFI mode enabled, UEFI Cookie : 0x75656669",https://jira-dc2-tools.qualcomm.com/jira/browse/DROIDBUG-15927940
DROIDBUG-15928077,2026-09-30T12:44:12.000-0700,Manisha Nakka,Closed,DROIDBUG,Task,Snapdragon_Auto.HGY.4.1.8.0.r2,Snapdragon_Auto.HGY.4.1.8.0.r2_PDT - [Snapdragon_Auto.HGY.4.1.8.0.r2-00038-STD.INT-1] - ProcessDump - [LINUX_PROCESS_CRASH] testfw_app,https://jira-dc2-tools.qualcomm.com/jira/browse/DROIDBUG-15928077
DROIDBUG-15928108,2026-09-30T12:53:33.000-0700,Manisha Nakka,Rejected,DROIDBUG,Task,Snapdragon_Auto.HGY.4.1.6.0,"Snapdragon_Auto.HGY.4.1.6.0_PDT - [Snapdragon_Auto.HGY.4.1.6.0.r1-00242-STD.INT-1] - APPS Crash - Kernel panic - not syncing: sysrq triggered crash, UEFI mode enabled, UEFI Cookie : 0x75656669",https://jira-dc2-tools.qualcomm.com/jira/browse/DROIDBUG-15928108
DROIDBUG-15928112,2026-09-30T12:54:56.000-0700,Manisha Nakka,S1_ANALYSIS,DROIDBUG,Task,Snapdragon_Auto.HGY.4.1.6.0,"Snapdragon_Auto.HGY.4.1.6.0_PDT - [Snapdragon_Auto.HGY.4.1.6.0.r1-00242-STD.INT-1] - GCC_RESET_STATUS : 0x4202, UEFI mode enabled, UEFI Cookie : 0x75656669",https://jira-dc2-tools.qualcomm.com/jira/browse/DROIDBUG-15928112
DROIDBUG-15928192,2026-09-30T13:20:25.000-0700,Manisha Nakka,S1_ANALYSIS,DROIDBUG,Task,Snapdragon_Auto.HGY.4.1.8.0.r2,"Snapdragon_Auto.HGY.4.1.8.0.r2_PDT - [Snapdragon_Auto.HGY.4.1.8.0.r2-00038-STD.INT-1] - APPS Crash - Kernel panic - not syncing: sysrq triggered crash, UEFI mode enabled, UEFI Cookie : 0x75656669",https://jira-dc2-tools.qualcomm.com/jira/browse/DROIDBUG-15928192
DROIDBUG-15928271,2026-09-30T13:46:10.000-0700,Manisha Nakka,S1_ANALYSIS,DROIDBUG,Task,Snapdragon_Auto.HGY.4.1.6.0,"Snapdragon_Auto.HGY.4.1.6.0_PDT - [Snapdragon_Auto.HGY.4.1.6.0.r1-00242-STD.INT-1] - GCC_RESET_STATUS : 0x4202, UEFI mode enabled, UEFI Cookie : 0x75656669",https://jira-dc2-tools.qualcomm.com/jira/browse/DROIDBUG-15928271
DROIDBUG-15928288,2026-09-30T13:53:32.000-0700,Manisha Nakka,Closed,DROIDBUG,Task,Snapdragon_Auto.HGY.4.1.8.0.r2,Snapdragon_Auto.HGY.4.1.8.0.r2_PDT - [Snapdragon_Auto.HGY.4.1.8.0.r2-00038-STD.INT-1] - ProcessDump - [LINUX_PROCESS_CRASH] testfw_app,https://jira-dc2-tools.qualcomm.com/jira/browse/DROIDBUG-15928288
DROIDBUG-15928321,2026-09-30T14:07:25.000-0700,Manisha Nakka,Rejected,DROIDBUG,Task,Snapdragon_Auto.HGY.4.1.6.0,"Snapdragon_Auto.HGY.4.1.6.0_PDT - [Snapdragon_Auto.HGY.4.1.6.0.r1-00242-STD.INT-1] - APPS Crash - Kernel panic - not syncing: sysrq triggered crash, UEFI mode enabled, UEFI Cookie : 0x75656669",https://jira-dc2-tools.qualcomm.com/jira/browse/DROIDBUG-15928321
DROIDBUG-15928397,2026-09-30T14:38:44.000-0700,Manisha Nakka,S1_ANALYSIS,DROIDBUG,Task,Snapdragon_Auto.HGY.4.1.6.0,"Snapdragon_Auto.HGY.4.1.6.0_PDT - [Snapdragon_Auto.HGY.4.1.6.0.r1-00242-STD.INT-1] - GCC_RESET_STATUS : 0x4202, UEFI mode enabled, UEFI Cookie : 0x75656669",https://jira-dc2-tools.qualcomm.com/jira/browse/DROIDBUG-15928397
DROIDBUG-15928517,2026-09-30T15:08:19.000-0700,Manisha Nakka,S1_ANALYSIS,DROIDBUG,Task,Snapdragon_Auto.HGY.4.1.6.0,"Snapdragon_Auto.HGY.4.1.6.0_PDT - [Snapdragon_Auto.HGY.4.1.6.0.r1-00242-STD.INT-1] - GCC_RESET_STATUS : 0x4202, UEFI mode enabled, UEFI Cookie : 0x75656669",https://jira-dc2-tools.qualcomm.com/jira/browse/DROIDBUG-15928517
DROIDBUG-15928681,2026-09-30T15:43:41.000-0700,Manisha Nakka,Rejected,DROIDBUG,Task,Snapdragon_Auto.HGY.4.1.6.0,"Snapdragon_Auto.HGY.4.1.6.0_PDT - [Snapdragon_Auto.HGY.4.1.6.0.r1-00242-STD.INT-1] - APPS Crash - Kernel panic - not syncing: sysrq triggered crash, UEFI mode enabled, UEFI Cookie : 0x75656669",https://jira-dc2-tools.qualcomm.com/jira/browse/DROIDBUG-15928681
DROIDBUG-15928696,2026-09-30T15:50:41.000-0700,Manisha Nakka,S1_ANALYSIS,DROIDBUG,Task,Snapdragon_Auto.HGY.4.1.8.0.r2,"Snapdragon_Auto.HGY.4.1.8.0.r2_PDT - [Snapdragon_Auto.HGY.4.1.8.0.r2-00038-STD.INT-1] - APPS Crash - Kernel panic - not syncing: sysrq triggered crash, UEFI mode enabled, UEFI Cookie : 0x75656669",https://jira-dc2-tools.qualcomm.com/jira/browse/DROIDBUG-15928696
DROIDBUG-15928761,2026-09-30T16:12:24.000-0700,Manisha Nakka,S1_ANALYSIS,DROIDBUG,Task,Snapdragon_Auto.HGY.4.1.6.0,"Snapdragon_Auto.HGY.4.1.6.0_PDT - [Snapdragon_Auto.HGY.4.1.6.0.r1-00242-STD.INT-1] - GCC_RESET_STATUS : 0x4202, UEFI mode enabled, UEFI Cookie : 0x75656669",https://jira-dc2-tools.qualcomm.com/jira/browse/DROIDBUG-15928761
DROIDBUG-15928839,2026-09-30T16:42:50.000-0700,Manisha Nakka,Rejected,DROIDBUG,Task,Snapdragon_Auto.HGY.4.1.6.0,"Snapdragon_Auto.HGY.4.1.6.0_PDT - [Snapdragon_Auto.HGY.4.1.6.0.r1-00242-STD.INT-1] - APPS Crash - Kernel panic - not syncing: sysrq triggered crash, UEFI mode enabled, UEFI Cookie : 0x75656669",https://jira-dc2-tools.qualcomm.com/jira/browse/DROIDBUG-15928839
DROIDBUG-15928908,2026-09-30T17:12:27.000-0700,Manisha Nakka,S1_ANALYSIS,DROIDBUG,Task,Snapdragon_Auto.HGY.4.1.6.0,"Snapdragon_Auto.HGY.4.1.6.0_PDT - [Snapdragon_Auto.HGY.4.1.6.0.r1-00242-STD.INT-1] - GCC_RESET_STATUS : 0x4202, UEFI mode enabled, UEFI Cookie : 0x75656669",https://jira-dc2-tools.qualcomm.com/jira/browse/DROIDBUG-15928908
DROIDBUG-15928969,2026-09-30T17:44:05.000-0700,Manisha Nakka,Rejected,DROIDBUG,Task,Snapdragon_Auto.HGY.4.1.6.0,"Snapdragon_Auto.HGY.4.1.6.0_PDT - [Snapdragon_Auto.HGY.4.1.6.0.r1-00242-STD.INT-1] - APPS Crash - Kernel panic - not syncing: sysrq triggered crash, UEFI mode enabled, UEFI Cookie : 0x75656669",https://jira-dc2-tools.qualcomm.com/jira/browse/DROIDBUG-15928969
DROIDBUG-15929121,2026-09-30T18:26:10.000-0700,Manisha Nakka,Rejected,DROIDBUG,Task,Snapdragon_Auto.HGY.4.1.6.0,"Snapdragon_Auto.HGY.4.1.6.0_PDT - [Snapdragon_Auto.HGY.4.1.6.0.r1-00242-STD.INT-1] - APPS Crash - Kernel panic - not syncing: sysrq triggered crash, UEFI mode enabled, UEFI Cookie : 0x75656669",https://jira-dc2-tools.qualcomm.com/jira/browse/DROIDBUG-15929121
DROIDBUG-15929141,2026-09-30T18:32:42.000-0700,Manisha Nakka,S1_ANALYSIS,DROIDBUG,Task,Snapdragon_Auto.HGY.4.1.6.0,"Snapdragon_Auto.HGY.4.1.6.0_PDT - [Snapdragon_Auto.HGY.4.1.6.0.r1-00242-STD.INT-1] - GCC_RESET_STATUS : 0x4202, UEFI mode enabled, UEFI Cookie : 0x75656669",https://jira-dc2-tools.qualcomm.com/jira/browse/DROIDBUG-15929141
DROIDBUG-15929167,2026-09-30T18:56:12.000-0700,Manisha Nakka,S1_ANALYSIS,DROIDBUG,Task,Snapdragon_Auto.HGY.4.1.8.0.r2,"Snapdragon_Auto.HGY.4.1.8.0.r2_PDT - [Snapdragon_Auto.HGY.4.1.8.0.r2-00038-STD.INT-1] - APPS Crash - Kernel panic - not syncing: sysrq triggered crash, UEFI mode enabled, UEFI Cookie : 0x75656669",https://jira-dc2-tools.qualcomm.com/jira/browse/DROIDBUG-15929167
DROIDBUG-15929224,2026-09-30T19:23:34.000-0700,Manisha Nakka,S1_ANALYSIS,DROIDBUG,Task,Snapdragon_Auto.HGY.4.1.6.0,"Snapdragon_Auto.HGY.4.1.6.0_PDT - [Snapdragon_Auto.HGY.4.1.6.0.r1-00242-STD.INT-1] - GCC_RESET_STATUS : 0x4202, UEFI mode enabled, UEFI Cookie : 0x75656669",https://jira-dc2-tools.qualcomm.com/jira/browse/DROIDBUG-15929224
DROIDBUG-15929245,2026-09-30T19:27:44.000-0700,Manisha Nakka,S1_ANALYSIS,DROIDBUG,Task,Snapdragon_Auto.HGY.4.1.6.0,"Snapdragon_Auto.HGY.4.1.6.0_PDT - [Snapdragon_Auto.HGY.4.1.6.0.r1-00242-STD.INT-1] - GCC_RESET_STATUS : 0x4202, UEFI mode enabled, UEFI Cookie : 0x75656669",https://jira-dc2-tools.qualcomm.com/jira/browse/DROIDBUG-15929245
DROIDBUG-15929415,2026-09-30T20:29:00.000-0700,Manisha Nakka,Rejected,DROIDBUG,Task,Snapdragon_Auto.HGY.4.1.6.0,"Snapdragon_Auto.HGY.4.1.6.0_PDT - [Snapdragon_Auto.HGY.4.1.6.0.r1-00242-STD.INT-1] - APPS Crash - Kernel panic - not syncing: sysrq triggered crash, UEFI mode enabled, UEFI Cookie : 0x75656669",https://jira-dc2-tools.qualcomm.com/jira/browse/DROIDBUG-15929415
DROIDBUG-15929429,2026-09-30T20:39:48.000-0700,Manisha Nakka,Rejected,DROIDBUG,Task,Snapdragon_Auto.HGY.4.1.6.0,"Snapdragon_Auto.HGY.4.1.6.0_PDT - [Snapdragon_Auto.HGY.4.1.6.0.r1-00242-STD.INT-1] - APPS Crash - Kernel panic - not syncing: sysrq triggered crash, UEFI mode enabled, UEFI Cookie : 0x75656669",https://jira-dc2-tools.qualcomm.com/jira/browse/DROIDBUG-15929429
DROIDBUG-15929534,2026-09-30T21:17:32.000-0700,Manisha Nakka,S1_ANALYSIS,DROIDBUG,Task,Snapdragon_Auto.HGY.4.1.6.0,"Snapdragon_Auto.HGY.4.1.6.0_PDT - [Snapdragon_Auto.HGY.4.1.6.0.r1-00242-STD.INT-1] - GCC_RESET_STATUS : 0x4202, UEFI mode enabled, UEFI Cookie : 0x75656669",https://jira-dc2-tools.qualcomm.com/jira/browse/DROIDBUG-15929534
DROIDBUG-15929642,2026-09-30T21:54:16.000-0700,Manisha Nakka,Rejected,DROIDBUG,Task,Snapdragon_Auto.HGY.4.1.6.0,"Snapdragon_Auto.HGY.4.1.6.0_PDT - [Snapdragon_Auto.HGY.4.1.6.0.r1-00242-STD.INT-1] - APPS Crash - Kernel panic - not syncing: sysrq triggered crash, UEFI mode enabled, UEFI Cookie : 0x75656669",https://jira-dc2-tools.qualcomm.com/jira/browse/DROIDBUG-15929642
DROIDBUG-15929690,2026-09-30T22:09:36.000-0700,Manisha Nakka,S1_ANALYSIS,DROIDBUG,Task,Snapdragon_Auto.HGY.4.1.6.0,"Snapdragon_Auto.HGY.4.1.6.0_PDT - [Snapdragon_Auto.HGY.4.1.6.0.r1-00242-STD.INT-1] - GCC_RESET_STATUS : 0x4202, UEFI mode enabled, UEFI Cookie : 0x75656669",https://jira-dc2-tools.qualcomm.com/jira/browse/DROIDBUG-15929690
DROIDBUG-15929844,2026-09-30T22:58:11.000-0700,Manisha Nakka,Closed,DROIDBUG,Task,Snapdragon_Auto.HGY.4.1.8.0.r2,Snapdragon_Auto.HGY.4.1.8.0.r2_PDT - [Snapdragon_Auto.HGY.4.1.8.0.r2-00038-STD.INT-1] - ProcessDump - [LINUX_PROCESS_CRASH] journalctl,https://jira-dc2-tools.qualcomm.com/jira/browse/DROIDBUG-15929844
DROIDBUG-15929845,2026-09-30T22:58:15.000-0700,Manisha Nakka,Closed,DROIDBUG,Task,Snapdragon_Auto.HGY.4.1.8.0.r2,Snapdragon_Auto.HGY.4.1.8.0.r2_PDT - [Snapdragon_Auto.HGY.4.1.8.0.r2-00038-STD.INT-1] - ProcessDump - [LINUX_PROCESS_CRASH] journalctl,https://jira-dc2-tools.qualcomm.com/jira/browse/DROIDBUG-15929845
DROIDBUG-15929848,2026-09-30T22:58:39.000-0700,Manisha Nakka,Closed,DROIDBUG,Task,Snapdragon_Auto.HGY.4.1.8.0.r2,Snapdragon_Auto.HGY.4.1.8.0.r2_PDT - [Snapdragon_Auto.HGY.4.1.8.0.r2-00038-STD.INT-1] - ProcessDump - [LINUX_PROCESS_CRASH] journalctl,https://jira-dc2-tools.qualcomm.com/jira/browse/DROIDBUG-15929848
DROIDBUG-15929849,2026-09-30T22:58:43.000-0700,Manisha Nakka,Closed,DROIDBUG,Task,Snapdragon_Auto.HGY.4.1.8.0.r2,Snapdragon_Auto.HGY.4.1.8.0.r2_PDT - [Snapdragon_Auto.HGY.4.1.8.0.r2-00038-STD.INT-1] - ProcessDump - [LINUX_PROCESS_CRASH] journalctl,https://jira-dc2-tools.qualcomm.com/jira/browse/DROIDBUG-15929849
DROIDBUG-15929851,2026-09-30T22:59:13.000-0700,Manisha Nakka,Closed,DROIDBUG,Task,Snapdragon_Auto.HGY.4.1.8.0.r2,Snapdragon_Auto.HGY.4.1.8.0.r2_PDT - [Snapdragon_Auto.HGY.4.1.8.0.r2-00038-STD.INT-1] - ProcessDump - [LINUX_PROCESS_CRASH] journalctl,https://jira-dc2-tools.qualcomm.com/jira/browse/DROIDBUG-15929851
DROIDBUG-15929855,2026-09-30T22:59:58.000-0700,Manisha Nakka,Closed,DROIDBUG,Task,Snapdragon_Auto.HGY.4.1.8.0.r2,Snapdragon_Auto.HGY.4.1.8.0.r2_PDT - [Snapdragon_Auto.HGY.4.1.8.0.r2-00038-STD.INT-1] - ProcessDump - [LINUX_PROCESS_CRASH] journalctl,https://jira-dc2-tools.qualcomm.com/jira/browse/DROIDBUG-15929855
DROIDBUG-15929856,2026-09-30T23:00:01.000-0700,Manisha Nakka,Closed,DROIDBUG,Task,Snapdragon_Auto.HGY.4.1.8.0.r2,Snapdragon_Auto.HGY.4.1.8.0.r2_PDT - [Snapdragon_Auto.HGY.4.1.8.0.r2-00038-STD.INT-1] - ProcessDump - [LINUX_PROCESS_CRASH] journalctl,https://jira-dc2-tools.qualcomm.com/jira/browse/DROIDBUG-15929856
DROIDBUG-15929858,2026-09-30T23:00:10.000-0700,Manisha Nakka,Closed,DROIDBUG,Task,Snapdragon_Auto.HGY.4.1.8.0.r2,Snapdragon_Auto.HGY.4.1.8.0.r2_PDT - [Snapdragon_Auto.HGY.4.1.8.0.r2-00038-STD.INT-1] - ProcessDump - [LINUX_PROCESS_CRASH] journalctl,https://jira-dc2-tools.qualcomm.com/jira/browse/DROIDBUG-15929858
DROIDBUG-15929859,2026-09-30T23:00:11.000-0700,Manisha Nakka,Closed,DROIDBUG,Task,Snapdragon_Auto.HGY.4.1.8.0.r2,Snapdragon_Auto.HGY.4.1.8.0.r2_PDT - [Snapdragon_Auto.HGY.4.1.8.0.r2-00038-STD.INT-1] - ProcessDump - [LINUX_PROCESS_CRASH] journalctl,https://jira-dc2-tools.qualcomm.com/jira/browse/DROIDBUG-15929859
DROIDBUG-15929860,2026-09-30T23:00:20.000-0700,Manisha Nakka,Closed,DROIDBUG,Task,Snapdragon_Auto.HGY.4.1.8.0.r2,Snapdragon_Auto.HGY.4.1.8.0.r2_PDT - [Snapdragon_Auto.HGY.4.1.8.0.r2-00038-STD.INT-1] - ProcessDump - [LINUX_PROCESS_CRASH] journalctl,https://jira-dc2-tools.qualcomm.com/jira/browse/DROIDBUG-15929860
DROIDBUG-15929861,2026-09-30T23:00:29.000-0700,Manisha Nakka,Closed,DROIDBUG,Task,Snapdragon_Auto.HGY.4.1.8.0.r2,Snapdragon_Auto.HGY.4.1.8.0.r2_PDT - [Snapdragon_Auto.HGY.4.1.8.0.r2-00038-STD.INT-1] - ProcessDump - [LINUX_PROCESS_CRASH] journalctl,https://jira-dc2-tools.qualcomm.com/jira/browse/DROIDBUG-15929861
DROIDBUG-15929863,2026-09-30T23:00:42.000-0700,Manisha Nakka,Closed,DROIDBUG,Task,Snapdragon_Auto.HGY.4.1.8.0.r2,Snapdragon_Auto.HGY.4.1.8.0.r2_PDT - [Snapdragon_Auto.HGY.4.1.8.0.r2-00038-STD.INT-1] - ProcessDump - [LINUX_PROCESS_CRASH] journalctl,https://jira-dc2-tools.qualcomm.com/jira/browse/DROIDBUG-15929863
DROIDBUG-15929865,2026-09-30T23:00:44.000-0700,Manisha Nakka,Closed,DROIDBUG,Task,Snapdragon_Auto.HGY.4.1.8.0.r2,Snapdragon_Auto.HGY.4.1.8.0.r2_PDT - [Snapdragon_Auto.HGY.4.1.8.0.r2-00038-STD.INT-1] - ProcessDump - [LINUX_PROCESS_CRASH] journalctl,https://jira-dc2-tools.qualcomm.com/jira/browse/DROIDBUG-15929865
DROIDBUG-15929866,2026-09-30T23:00:49.000-0700,Manisha Nakka,Closed,DROIDBUG,Task,Snapdragon_Auto.HGY.4.1.8.0.r2,Snapdragon_Auto.HGY.4.1.8.0.r2_PDT - [Snapdragon_Auto.HGY.4.1.8.0.r2-00038-STD.INT-1] - ProcessDump - [LINUX_PROCESS_CRASH] journalctl,https://jira-dc2-tools.qualcomm.com/jira/browse/DROIDBUG-15929866
DROIDBUG-15929867,2026-09-30T23:01:02.000-0700,Manisha Nakka,Closed,DROIDBUG,Task,Snapdragon_Auto.HGY.4.1.8.0.r2,Snapdragon_Auto.HGY.4.1.8.0.r2_PDT - [Snapdragon_Auto.HGY.4.1.8.0.r2-00038-STD.INT-1] - ProcessDump - [LINUX_PROCESS_CRASH] journalctl,https://jira-dc2-tools.qualcomm.com/jira/browse/DROIDBUG-15929867
DROIDBUG-15929869,2026-09-30T23:01:14.000-0700,Manisha Nakka,Closed,DROIDBUG,Task,Snapdragon_Auto.HGY.4.1.8.0.r2,Snapdragon_Auto.HGY.4.1.8.0.r2_PDT - [Snapdragon_Auto.HGY.4.1.8.0.r2-00038-STD.INT-1] - ProcessDump - [LINUX_PROCESS_CRASH] journalctl,https://jira-dc2-tools.qualcomm.com/jira/browse/DROIDBUG-15929869
DROIDBUG-15929890,2026-09-30T23:08:31.000-0700,Manisha Nakka,Rejected,DROIDBUG,Task,Snapdragon_Auto.HGY.4.1.6.0,"Snapdragon_Auto.HGY.4.1.6.0_PDT - [Snapdragon_Auto.HGY.4.1.6.0.r1-00242-STD.INT-1] - APPS Crash - Kernel panic - not syncing: sysrq triggered crash, UEFI mode enabled, UEFI Cookie : 0x75656669",https://jira-dc2-tools.qualcomm.com/jira/browse/DROIDBUG-15929890
DROIDBUG-15929905,2026-09-30T23:13:26.000-0700,Manisha Nakka,Rejected,DROIDBUG,Task,Snapdragon_Auto.HGY.4.1.6.0,"Snapdragon_Auto.HGY.4.1.6.0_PDT - [Snapdragon_Auto.HGY.4.1.6.0.r1-00242-STD.INT-1] - APPS Crash - Kernel panic - not syncing: sysrq triggered crash, UEFI mode enabled, UEFI Cookie : 0x75656669",https://jira-dc2-tools.qualcomm.com/jira/browse/DROIDBUG-15929905
DROIDBUG-15930071,2026-10-01T00:09:17.000-0700,Manisha Nakka,S1_ANALYSIS,DROIDBUG,Task,Snapdragon_Auto.HGY.4.1.6.0,"Snapdragon_Auto.HGY.4.1.6.0_PDT - [Snapdragon_Auto.HGY.4.1.6.0.r1-00242-STD.INT-1] - GCC_RESET_STATUS : 0x4202, UEFI mode enabled, UEFI Cookie : 0x75656669",https://jira-dc2-tools.qualcomm.com/jira/browse/DROIDBUG-15930071
DROIDBUG-15930087,2026-10-01T00:15:33.000-0700,Manisha Nakka,Rejected,DROIDBUG,Task,Snapdragon_Auto.HGY.4.1.6.0,"Snapdragon_Auto.HGY.4.1.6.0_PDT - [Snapdragon_Auto.HGY.4.1.6.0.r1-00242-STD.INT-1] - APPS Crash - Kernel panic - not syncing: sysrq triggered crash, UEFI mode enabled, UEFI Cookie : 0x75656669",https://jira-dc2-tools.qualcomm.com/jira/browse/DROIDBUG-15930087
DROIDBUG-15930218,2026-10-01T01:10:58.000-0700,Manisha Nakka,S1_ANALYSIS,DROIDBUG,Task,Snapdragon_Auto.HGY.4.1.6.0,"Snapdragon_Auto.HGY.4.1.6.0_PDT - [Snapdragon_Auto.HGY.4.1.6.0.r1-00242-STD.INT-1] - GCC_RESET_STATUS : 0x4202, UEFI mode enabled, UEFI Cookie : 0x75656669",https://jira-dc2-tools.qualcomm.com/jira/browse/DROIDBUG-15930218
DROIDBUG-15930233,2026-10-01T01:14:52.000-0700,Manisha Nakka,Rejected,DROIDBUG,Task,Snapdragon_Auto.HGY.4.1.6.0,"Snapdragon_Auto.HGY.4.1.6.0_PDT - [Snapdragon_Auto.HGY.4.1.6.0.r1-00242-STD.INT-1] - APPS Crash - Kernel panic - not syncing: sysrq triggered crash, UEFI mode enabled, UEFI Cookie : 0x75656669",https://jira-dc2-tools.qualcomm.com/jira/browse/DROIDBUG-15930233
DROIDBUG-15930373,2026-10-01T02:03:53.000-0700,Manisha Nakka,S1_ANALYSIS,DROIDBUG,Task,Snapdragon_Auto.HGY.4.1.6.0,"Snapdragon_Auto.HGY.4.1.6.0_PDT - [Snapdragon_Auto.HGY.4.1.6.0.r1-00242-STD.INT-1] - GCC_RESET_STATUS : 0x4202, UEFI mode enabled, UEFI Cookie : 0x75656669",https://jira-dc2-tools.qualcomm.com/jira/browse/DROIDBUG-15930373
DROIDBUG-15930438,2026-10-01T02:23:47.000-0700,Manisha Nakka,Rejected,DROIDBUG,Task,Snapdragon_Auto.HGY.4.1.6.0,"Snapdragon_Auto.HGY.4.1.6.0_PDT - [Snapdragon_Auto.HGY.4.1.6.0.r1-00242-STD.INT-1] - APPS Crash - Kernel panic - not syncing: sysrq triggered crash, UEFI mode enabled, UEFI Cookie : 0x75656669",https://jira-dc2-tools.qualcomm.com/jira/browse/DROIDBUG-15930438
DROIDBUG-15930589,2026-10-01T02:47:47.000-0700,Manisha Nakka,Open,DROIDBUG,Task,SA8775P.HGY.4.1.9.0,Snapdragon_Auto.HGY.4.1.9.0_PDT - [SA8775P.HGY.4.1.9.0-00022-STD.INT-1] - ProcessDump - [LINUX_PROCESS_CRASH] testfw_app,https://jira-dc2-tools.qualcomm.com/jira/browse/DROIDBUG-15930589
DROIDBUG-15930600,2026-10-01T02:55:07.000-0700,Manisha Nakka,S1_ANALYSIS,DROIDBUG,Task,Snapdragon_Auto.HGY.4.1.6.0,"Snapdragon_Auto.HGY.4.1.6.0_PDT - [Snapdragon_Auto.HGY.4.1.6.0.r1-00242-STD.INT-1] - GCC_RESET_STATUS : 0x4202, UEFI mode enabled, UEFI Cookie : 0x75656669",https://jira-dc2-tools.qualcomm.com/jira/browse/DROIDBUG-15930600
DROIDBUG-15930606,2026-10-01T02:57:12.000-0700,Manisha Nakka,Open,DROIDBUG,Task,SA8775P.HGY.4.1.9.0,Snapdragon_Auto.HGY.4.1.9.0_PDT - [SA8775P.HGY.4.1.9.0-00022-STD.INT-1] - ProcessDump - [LINUX_PROCESS_CRASH] gles2-kpi,https://jira-dc2-tools.qualcomm.com/jira/browse/DROIDBUG-15930606
DROIDBUG-15930852,2026-10-01T03:46:32.000-0700,Manisha Nakka,Rejected,DROIDBUG,Task,Snapdragon_Auto.HGY.4.1.6.0,"Snapdragon_Auto.HGY.4.1.6.0_PDT - [Snapdragon_Auto.HGY.4.1.6.0.r1-00242-STD.INT-1] - APPS Crash - Kernel panic - not syncing: sysrq triggered crash, UEFI mode enabled, UEFI Cookie : 0x75656669",https://jira-dc2-tools.qualcomm.com/jira/browse/DROIDBUG-15930852
DROIDBUG-15930965,2026-10-01T03:59:57.000-0700,Manisha Nakka,Rejected,DROIDBUG,Task,Snapdragon_Auto.HGY.4.1.6.0,"Snapdragon_Auto.HGY.4.1.6.0_PDT - [Snapdragon_Auto.HGY.4.1.6.0.r1-00242-STD.INT-1] - APPS Crash - Kernel panic - not syncing: sysrq triggered crash, UEFI mode enabled, UEFI Cookie : 0x75656669",https://jira-dc2-tools.qualcomm.com/jira/browse/DROIDBUG-15930965
DROIDBUG-15930975,2026-10-01T04:03:18.000-0700,Manisha Nakka,Closed,DROIDBUG,Task,Snapdragon_Auto.HGY.4.1.8.0.r2,Snapdragon_Auto.HGY.4.1.8.0.r2_PDT - [Snapdragon_Auto.HGY.4.1.8.0.r2-00038-STD.INT-1] - ProcessDump - [LINUX_PROCESS_CRASH] sysprofiler_app,https://jira-dc2-tools.qualcomm.com/jira/browse/DROIDBUG-15930975
DROIDBUG-15930976,2026-10-01T04:03:19.000-0700,Manisha Nakka,Closed,DROIDBUG,Task,Snapdragon_Auto.HGY.4.1.8.0.r2,Snapdragon_Auto.HGY.4.1.8.0.r2_PDT - [Snapdragon_Auto.HGY.4.1.8.0.r2-00038-STD.INT-1] - ProcessDump - [LINUX_PROCESS_CRASH] sysprofiler_app,https://jira-dc2-tools.qualcomm.com/jira/browse/DROIDBUG-15930976
DROIDBUG-15931041,2026-10-01T04:29:32.000-0700,Manisha Nakka,Closed,DROIDBUG,Task,Snapdragon_Auto.HGY.4.1.8.0.r2,Snapdragon_Auto.HGY.4.1.8.0.r2_PDT - [Snapdragon_Auto.HGY.4.1.8.0.r2-00038-STD.INT-1] - ProcessDump - [LINUX_PROCESS_CRASH] sysprofiler_app,https://jira-dc2-tools.qualcomm.com/jira/browse/DROIDBUG-15931041
DROIDBUG-15931042,2026-10-01T04:29:43.000-0700,Manisha Nakka,Closed,DROIDBUG,Task,Snapdragon_Auto.HGY.4.1.8.0.r2,Snapdragon_Auto.HGY.4.1.8.0.r2_PDT - [Snapdragon_Auto.HGY.4.1.8.0.r2-00038-STD.INT-1] - Error on remote processor. Could be APPs Crash,https://jira-dc2-tools.qualcomm.com/jira/browse/DROIDBUG-15931042
DROIDBUG-15931044,2026-10-01T04:29:45.000-0700,Manisha Nakka,Closed,DROIDBUG,Task,Snapdragon_Auto.HGY.4.1.8.0.r2,Snapdragon_Auto.HGY.4.1.8.0.r2_PDT - [Snapdragon_Auto.HGY.4.1.8.0.r2-00038-STD.INT-1] - ProcessDump - [LINUX_PROCESS_CRASH] sysprofiler_app,https://jira-dc2-tools.qualcomm.com/jira/browse/DROIDBUG-15931044
DROIDBUG-15931045,2026-10-01T04:29:47.000-0700,Manisha Nakka,Closed,DROIDBUG,Task,Snapdragon_Auto.HGY.4.1.8.0.r2,Snapdragon_Auto.HGY.4.1.8.0.r2_PDT - [Snapdragon_Auto.HGY.4.1.8.0.r2-00038-STD.INT-1] - Error on remote processor. Could be APPs Crash,https://jira-dc2-tools.qualcomm.com/jira/browse/DROIDBUG-15931045
DROIDBUG-15931046,2026-10-01T04:29:48.000-0700,Manisha Nakka,Closed,DROIDBUG,Task,Snapdragon_Auto.HGY.4.1.8.0.r2,Snapdragon_Auto.HGY.4.1.8.0.r2_PDT - [Snapdragon_Auto.HGY.4.1.8.0.r2-00038-STD.INT-1] - ProcessDump - [LINUX_PROCESS_CRASH] sysprofiler_app,https://jira-dc2-tools.qualcomm.com/jira/browse/DROIDBUG-15931046
DROIDBUG-15931047,2026-10-01T04:29:57.000-0700,Manisha Nakka,Closed,DROIDBUG,Task,Snapdragon_Auto.HGY.4.1.8.0.r2,Snapdragon_Auto.HGY.4.1.8.0.r2_PDT - [Snapdragon_Auto.HGY.4.1.8.0.r2-00038-STD.INT-1] - ProcessDump - [LINUX_PROCESS_CRASH] sysprofiler_app,https://jira-dc2-tools.qualcomm.com/jira/browse/DROIDBUG-15931047
DROIDBUG-15931050,2026-10-01T04:30:12.000-0700,Manisha Nakka,Rejected,DROIDBUG,Task,Snapdragon_Auto.HGY.4.1.8.0.r2,Snapdragon_Auto.HGY.4.1.8.0.r2_PDT - [Snapdragon_Auto.HGY.4.1.8.0.r2-00038-STD.INT-1] - Undetermined crash root cause,https://jira-dc2-tools.qualcomm.com/jira/browse/DROIDBUG-15931050
DROIDBUG-15931088,2026-10-01T04:45:38.000-0700,Manisha Nakka,S1_ANALYSIS,DROIDBUG,Task,Snapdragon_Auto.HGY.4.1.6.0,"Snapdragon_Auto.HGY.4.1.6.0_PDT - [Snapdragon_Auto.HGY.4.1.6.0.r1-00242-STD.INT-1] - GCC_RESET_STATUS : 0x4202, UEFI mode enabled, UEFI Cookie : 0x75656669",https://jira-dc2-tools.qualcomm.com/jira/browse/DROIDBUG-15931088
DROIDBUG-15931095,2026-10-01T04:48:04.000-0700,Manisha Nakka,Closed,DROIDBUG,Task,Snapdragon_Auto.HGY.4.1.8.0.r2,Snapdragon_Auto.HGY.4.1.8.0.r2_PDT - [Snapdragon_Auto.HGY.4.1.8.0.r2-00038-STD.INT-1] - ProcessDump - [LINUX_PROCESS_CRASH] sysprofiler_app,https://jira-dc2-tools.qualcomm.com/jira/browse/DROIDBUG-15931095
DROIDBUG-15931100,2026-10-01T04:48:14.000-0700,Manisha Nakka,Closed,DROIDBUG,Task,Snapdragon_Auto.HGY.4.1.8.0.r2,Snapdragon_Auto.HGY.4.1.8.0.r2_PDT - [Snapdragon_Auto.HGY.4.1.8.0.r2-00038-STD.INT-1] - ProcessDump - [LINUX_PROCESS_CRASH] sysprofiler_app,https://jira-dc2-tools.qualcomm.com/jira/browse/DROIDBUG-15931100
DROIDBUG-15931101,2026-10-01T04:48:30.000-0700,Manisha Nakka,Closed,DROIDBUG,Task,Snapdragon_Auto.HGY.4.1.8.0.r2,Snapdragon_Auto.HGY.4.1.8.0.r2_PDT - [Snapdragon_Auto.HGY.4.1.8.0.r2-00038-STD.INT-1] - ProcessDump - [LINUX_PROCESS_CRASH] sysprofiler_app,https://jira-dc2-tools.qualcomm.com/jira/browse/DROIDBUG-15931101
DROIDBUG-15931103,2026-10-01T04:48:38.000-0700,Manisha Nakka,Closed,DROIDBUG,Task,Snapdragon_Auto.HGY.4.1.8.0.r2,Snapdragon_Auto.HGY.4.1.8.0.r2_PDT - [Snapdragon_Auto.HGY.4.1.8.0.r2-00038-STD.INT-1] - Error on remote processor. Could be APPs Crash,https://jira-dc2-tools.qualcomm.com/jira/browse/DROIDBUG-15931103
DROIDBUG-15931104,2026-10-01T04:48:43.000-0700,Manisha Nakka,Closed,DROIDBUG,Task,Snapdragon_Auto.HGY.4.1.8.0.r2,Snapdragon_Auto.HGY.4.1.8.0.r2_PDT - [Snapdragon_Auto.HGY.4.1.8.0.r2-00038-STD.INT-1] - Error on remote processor. Could be APPs Crash,https://jira-dc2-tools.qualcomm.com/jira/browse/DROIDBUG-15931104
DROIDBUG-15931105,2026-10-01T04:48:46.000-0700,Manisha Nakka,Closed,DROIDBUG,Task,Snapdragon_Auto.HGY.4.1.8.0.r2,Snapdragon_Auto.HGY.4.1.8.0.r2_PDT - [Snapdragon_Auto.HGY.4.1.8.0.r2-00038-STD.INT-1] - ProcessDump - [LINUX_PROCESS_CRASH] sysprofiler_app,https://jira-dc2-tools.qualcomm.com/jira/browse/DROIDBUG-15931105
DROIDBUG-15931107,2026-10-01T04:48:54.000-0700,Manisha Nakka,Closed,DROIDBUG,Task,Snapdragon_Auto.HGY.4.1.8.0.r2,Snapdragon_Auto.HGY.4.1.8.0.r2_PDT - [Snapdragon_Auto.HGY.4.1.8.0.r2-00038-STD.INT-1] - Undetermined crash root cause,https://jira-dc2-tools.qualcomm.com/jira/browse/DROIDBUG-15931107
DROIDBUG-15931117,2026-10-01T04:52:24.000-0700,Manisha Nakka,S1_ANALYSIS,DROIDBUG,Task,Snapdragon_Auto.HGY.4.1.6.0,"Snapdragon_Auto.HGY.4.1.6.0_PDT - [Snapdragon_Auto.HGY.4.1.6.0.r1-00242-STD.INT-1] - GCC_RESET_STATUS : 0x4202, UEFI mode enabled, UEFI Cookie : 0x75656669",https://jira-dc2-tools.qualcomm.com/jira/browse/DROIDBUG-15931117
DROIDBUG-15931203,2026-10-01T05:40:07.000-0700,Manisha Nakka,S1_ANALYSIS,DROIDBUG,Task,Snapdragon_Auto.HGY.4.1.6.0,"Snapdragon_Auto.HGY.4.1.6.0_PDT - [Snapdragon_Auto.HGY.4.1.6.0.r1-00242-STD.INT-1] - GCC_RESET_STATUS : 0x4202, UEFI mode enabled, UEFI Cookie : 0x75656669",https://jira-dc2-tools.qualcomm.com/jira/browse/DROIDBUG-15931203
DROIDBUG-15931224,2026-10-01T06:00:52.000-0700,Manisha Nakka,Rejected,DROIDBUG,Task,Snapdragon_Auto.HGY.4.1.6.0,"Snapdragon_Auto.HGY.4.1.6.0_PDT - [Snapdragon_Auto.HGY.4.1.6.0.r1-00242-STD.INT-1] - APPS Crash - Kernel panic - not syncing: sysrq triggered crash, UEFI mode enabled, UEFI Cookie : 0x75656669",https://jira-dc2-tools.qualcomm.com/jira/browse/DROIDBUG-15931224
DROIDBUG-15931296,2026-10-01T06:34:11.000-0700,Manisha Nakka,S1_ANALYSIS,DROIDBUG,Task,Snapdragon_Auto.HGY.4.1.6.0,"Snapdragon_Auto.HGY.4.1.6.0_PDT - [Snapdragon_Auto.HGY.4.1.6.0.r1-00242-STD.INT-1] - GCC_RESET_STATUS : 0x4202, UEFI mode enabled, UEFI Cookie : 0x75656669",https://jira-dc2-tools.qualcomm.com/jira/browse/DROIDBUG-15931296
DROIDBUG-15931304,2026-10-01T06:37:37.000-0700,Manisha Nakka,Closed,DROIDBUG,Task,Snapdragon_Auto.HGY.4.1.8.0.r2,Snapdragon_Auto.HGY.4.1.8.0.r2_PDT - [Snapdragon_Auto.HGY.4.1.8.0.r2-00038-STD.INT-1] - Undetermined crash root cause,https://jira-dc2-tools.qualcomm.com/jira/browse/DROIDBUG-15931304
DROIDBUG-15931309,2026-10-01T06:38:29.000-0700,Manisha Nakka,Rejected,DROIDBUG,Task,Snapdragon_Auto.HGY.4.1.8.0.r2,Snapdragon_Auto.HGY.4.1.8.0.r2_PDT - [Snapdragon_Auto.HGY.4.1.8.0.r2-00038-STD.INT-1] - ProcessDump - [LINUX_PROCESS_CRASH] sysprofiler_app,https://jira-dc2-tools.qualcomm.com/jira/browse/DROIDBUG-15931309
DROIDBUG-15931358,2026-10-01T07:07:55.000-0700,Manisha Nakka,Closed,DROIDBUG,Task,Snapdragon_Auto.HGY.4.1.8.0.r2,Snapdragon_Auto.HGY.4.1.8.0.r2_PDT - [Snapdragon_Auto.HGY.4.1.8.0.r2-00038-STD.INT-1] - ProcessDump - [LINUX_PROCESS_CRASH] sysprofiler_app,https://jira-dc2-tools.qualcomm.com/jira/browse/DROIDBUG-15931358
DROIDBUG-15931360,2026-10-01T07:08:12.000-0700,Manisha Nakka,Closed,DROIDBUG,Task,Snapdragon_Auto.HGY.4.1.8.0.r2,Snapdragon_Auto.HGY.4.1.8.0.r2_PDT - [Snapdragon_Auto.HGY.4.1.8.0.r2-00038-STD.INT-1] - ProcessDump - [LINUX_PROCESS_CRASH] sysprofiler_app,https://jira-dc2-tools.qualcomm.com/jira/browse/DROIDBUG-15931360
DROIDBUG-15931361,2026-10-01T07:08:16.000-0700,Manisha Nakka,Closed,DROIDBUG,Task,Snapdragon_Auto.HGY.4.1.8.0.r2,Snapdragon_Auto.HGY.4.1.8.0.r2_PDT - [Snapdragon_Auto.HGY.4.1.8.0.r2-00038-STD.INT-1] - ProcessDump - [LINUX_PROCESS_CRASH] sysprofiler_app,https://jira-dc2-tools.qualcomm.com/jira/browse/DROIDBUG-15931361
DROIDBUG-15931363,2026-10-01T07:08:30.000-0700,Manisha Nakka,Closed,DROIDBUG,Task,Snapdragon_Auto.HGY.4.1.8.0.r2,Snapdragon_Auto.HGY.4.1.8.0.r2_PDT - [Snapdragon_Auto.HGY.4.1.8.0.r2-00038-STD.INT-1] - Error on remote processor. Could be APPs Crash,https://jira-dc2-tools.qualcomm.com/jira/browse/DROIDBUG-15931363
DROIDBUG-15931367,2026-10-01T07:08:51.000-0700,Manisha Nakka,Closed,DROIDBUG,Task,Snapdragon_Auto.HGY.4.1.8.0.r2,Snapdragon_Auto.HGY.4.1.8.0.r2_PDT - [Snapdragon_Auto.HGY.4.1.8.0.r2-00038-STD.INT-1] - ProcessDump - [LINUX_PROCESS_CRASH] sysprofiler_app,https://jira-dc2-tools.qualcomm.com/jira/browse/DROIDBUG-15931367
DROIDBUG-15931368,2026-10-01T07:09:03.000-0700,Manisha Nakka,Closed,DROIDBUG,Task,Snapdragon_Auto.HGY.4.1.8.0.r2,Snapdragon_Auto.HGY.4.1.8.0.r2_PDT - [Snapdragon_Auto.HGY.4.1.8.0.r2-00038-STD.INT-1] - Undetermined crash root cause,https://jira-dc2-tools.qualcomm.com/jira/browse/DROIDBUG-15931368
DROIDBUG-15931369,2026-10-01T07:09:08.000-0700,Manisha Nakka,Closed,DROIDBUG,Task,Snapdragon_Auto.HGY.4.1.8.0.r2,Snapdragon_Auto.HGY.4.1.8.0.r2_PDT - [Snapdragon_Auto.HGY.4.1.8.0.r2-00038-STD.INT-1] - Error on remote processor. Could be APPs Crash,https://jira-dc2-tools.qualcomm.com/jira/browse/DROIDBUG-15931369
DROIDBUG-15931401,2026-10-01T07:19:48.000-0700,Manisha Nakka,S1_ANALYSIS,DROIDBUG,Task,Snapdragon_Auto.HGY.4.1.6.0,"Snapdragon_Auto.HGY.4.1.6.0_PDT - [Snapdragon_Auto.HGY.4.1.6.0.r1-00242-STD.INT-1] - GCC_RESET_STATUS : 0x4202, UEFI mode enabled, UEFI Cookie : 0x75656669",https://jira-dc2-tools.qualcomm.com/jira/browse/DROIDBUG-15931401
DROIDBUG-15931410,2026-10-01T07:25:15.000-0700,Manisha Nakka,S1_ANALYSIS,DROIDBUG,Task,Snapdragon_Auto.HGY.4.1.6.0,"Snapdragon_Auto.HGY.4.1.6.0_PDT - [Snapdragon_Auto.HGY.4.1.6.0.r1-00242-STD.INT-1] - GCC_RESET_STATUS : 0x4202, UEFI mode enabled, UEFI Cookie : 0x75656669",https://jira-dc2-tools.qualcomm.com/jira/browse/DROIDBUG-15931410
DROIDBUG-15931534,2026-10-01T08:17:32.000-0700,Manisha Nakka,S1_ANALYSIS,DROIDBUG,Task,Snapdragon_Auto.HGY.4.1.6.0,"Snapdragon_Auto.HGY.4.1.6.0_PDT - [Snapdragon_Auto.HGY.4.1.6.0.r1-00242-STD.INT-1] - GCC_RESET_STATUS : 0x4202, UEFI mode enabled, UEFI Cookie : 0x75656669",https://jira-dc2-tools.qualcomm.com/jira/browse/DROIDBUG-15931534
DROIDBUG-15931599,2026-10-01T08:42:27.000-0700,Manisha Nakka,Closed,DROIDBUG,Task,Snapdragon_Auto.HGY.4.1.8.0.r2,Snapdragon_Auto.HGY.4.1.8.0.r2_PDT - [Snapdragon_Auto.HGY.4.1.8.0.r2-00038-STD.INT-1] - ProcessDump - [LINUX_PROCESS_CRASH] sysprofiler_app,https://jira-dc2-tools.qualcomm.com/jira/browse/DROIDBUG-15931599
DROIDBUG-15931600,2026-10-01T08:42:33.000-0700,Manisha Nakka,Closed,DROIDBUG,Task,Snapdragon_Auto.HGY.4.1.8.0.r2,Snapdragon_Auto.HGY.4.1.8.0.r2_PDT - [Snapdragon_Auto.HGY.4.1.8.0.r2-00038-STD.INT-1] - Undetermined crash root cause,https://jira-dc2-tools.qualcomm.com/jira/browse/DROIDBUG-15931600
DROIDBUG-15931601,2026-10-01T08:42:34.000-0700,Manisha Nakka,Closed,DROIDBUG,Task,Snapdragon_Auto.HGY.4.1.8.0.r2,Snapdragon_Auto.HGY.4.1.8.0.r2_PDT - [Snapdragon_Auto.HGY.4.1.8.0.r2-00038-STD.INT-1] - ProcessDump - [LINUX_PROCESS_CRASH] sysprofiler_app,https://jira-dc2-tools.qualcomm.com/jira/browse/DROIDBUG-15931601
DROIDBUG-15931606,2026-10-01T08:45:44.000-0700,Manisha Nakka,Closed,DROIDBUG,Task,Snapdragon_Auto.HGY.4.1.8.0.r2,Snapdragon_Auto.HGY.4.1.8.0.r2_PDT - [Snapdragon_Auto.HGY.4.1.8.0.r2-00038-STD.INT-1] - ProcessDump - [LINUX_PROCESS_CRASH] sysprofiler_app,https://jira-dc2-tools.qualcomm.com/jira/browse/DROIDBUG-15931606
DROIDBUG-15931607,2026-10-01T08:45:45.000-0700,Manisha Nakka,Closed,DROIDBUG,Task,Snapdragon_Auto.HGY.4.1.8.0.r2,Snapdragon_Auto.HGY.4.1.8.0.r2_PDT - [Snapdragon_Auto.HGY.4.1.8.0.r2-00038-STD.INT-1] - ProcessDump - [LINUX_PROCESS_CRASH] sysprofiler_app,https://jira-dc2-tools.qualcomm.com/jira/browse/DROIDBUG-15931607
DROIDBUG-15931619,2026-10-01T08:49:58.000-0700,Manisha Nakka,Rejected,DROIDBUG,Task,Snapdragon_Auto.HGY.4.1.6.0,"Snapdragon_Auto.HGY.4.1.6.0_PDT - [Snapdragon_Auto.HGY.4.1.6.0.r1-00242-STD.INT-1] - APPS Crash - Kernel panic - not syncing: sysrq triggered crash, UEFI mode enabled, UEFI Cookie : 0x75656669",https://jira-dc2-tools.qualcomm.com/jira/browse/DROIDBUG-15931619
DROIDBUG-15931653,2026-10-01T09:11:19.000-0700,Manisha Nakka,S1_ANALYSIS,DROIDBUG,Task,Snapdragon_Auto.HGY.4.1.6.0,"Snapdragon_Auto.HGY.4.1.6.0_PDT - [Snapdragon_Auto.HGY.4.1.6.0.r1-00242-STD.INT-1] - GCC_RESET_STATUS : 0x4202, UEFI mode enabled, UEFI Cookie : 0x75656669",https://jira-dc2-tools.qualcomm.com/jira/browse/DROIDBUG-15931653
DROIDBUG-15931707,2026-10-01T09:44:55.000-0700,Manisha Nakka,Closed,DROIDBUG,Task,Snapdragon_Auto.HGY.4.1.8.0.r2,Snapdragon_Auto.HGY.4.1.8.0.r2_PDT - [Snapdragon_Auto.HGY.4.1.8.0.r2-00038-STD.INT-1] - Error on remote processor. Could be APPs Crash,https://jira-dc2-tools.qualcomm.com/jira/browse/DROIDBUG-15931707
DROIDBUG-15931708,2026-10-01T09:44:56.000-0700,Manisha Nakka,Closed,DROIDBUG,Task,Snapdragon_Auto.HGY.4.1.8.0.r2,Snapdragon_Auto.HGY.4.1.8.0.r2_PDT - [Snapdragon_Auto.HGY.4.1.8.0.r2-00038-STD.INT-1] - ADSP - err_qdi.c:1211   EX:audio_process:0x2:AWE_Aud_Proc0:0xb5:PC=awe_alsa_copy_16to32.llvmint.merged++0x50:LR=awe_alsa_copy_format_to_format++0x234,https://jira-dc2-tools.qualcomm.com/jira/browse/DROIDBUG-15931708
DROIDBUG-15931709,2026-10-01T09:45:22.000-0700,Manisha Nakka,Closed,DROIDBUG,Task,Snapdragon_Auto.HGY.4.1.8.0.r2,Snapdragon_Auto.HGY.4.1.8.0.r2_PDT - [Snapdragon_Auto.HGY.4.1.8.0.r2-00038-STD.INT-1] - Error on remote processor. Could be APPs Crash,https://jira-dc2-tools.qualcomm.com/jira/browse/DROIDBUG-15931709
DROIDBUG-15931732,2026-10-01T10:02:32.000-0700,Manisha Nakka,S1_ANALYSIS,DROIDBUG,Task,Snapdragon_Auto.HGY.4.1.6.0,"Snapdragon_Auto.HGY.4.1.6.0_PDT - [Snapdragon_Auto.HGY.4.1.6.0.r1-00242-STD.INT-1] - GCC_RESET_STATUS : 0x4202, UEFI mode enabled, UEFI Cookie : 0x75656669",https://jira-dc2-tools.qualcomm.com/jira/browse/DROIDBUG-15931732
DROIDBUG-15931737,2026-10-01T10:10:02.000-0700,Manisha Nakka,S1_ANALYSIS,DROIDBUG,Task,Snapdragon_Auto.HGY.4.1.6.0,"Snapdragon_Auto.HGY.4.1.6.0_PDT - [Snapdragon_Auto.HGY.4.1.6.0.r1-00242-STD.INT-1] - GCC_RESET_STATUS : 0x4202, UEFI mode enabled, UEFI Cookie : 0x75656669",https://jira-dc2-tools.qualcomm.com/jira/browse/DROIDBUG-15931737
DROIDBUG-15931807,2026-10-01T10:55:23.000-0700,Manisha Nakka,Closed,DROIDBUG,Task,Snapdragon_Auto.HGY.4.1.8.0.r2,Snapdragon_Auto.HGY.4.1.8.0.r2_PDT - [Snapdragon_Auto.HGY.4.1.8.0.r2-00038-STD.INT-1] - ProcessDump - [LINUX_PROCESS_CRASH] sysprofiler_app,https://jira-dc2-tools.qualcomm.com/jira/browse/DROIDBUG-15931807
DROIDBUG-15931808,2026-10-01T10:55:24.000-0700,Manisha Nakka,Closed,DROIDBUG,Task,Snapdragon_Auto.HGY.4.1.8.0.r2,Snapdragon_Auto.HGY.4.1.8.0.r2_PDT - [Snapdragon_Auto.HGY.4.1.8.0.r2-00038-STD.INT-1] - ProcessDump - [LINUX_PROCESS_CRASH] sysprofiler_app,https://jira-dc2-tools.qualcomm.com/jira/browse/DROIDBUG-15931808
DROIDBUG-15931809,2026-10-01T10:55:25.000-0700,Manisha Nakka,Closed,DROIDBUG,Task,Snapdragon_Auto.HGY.4.1.8.0.r2,Snapdragon_Auto.HGY.4.1.8.0.r2_PDT - [Snapdragon_Auto.HGY.4.1.8.0.r2-00038-STD.INT-1] - ProcessDump - [LINUX_PROCESS_CRASH] sysprofiler_app,https://jira-dc2-tools.qualcomm.com/jira/browse/DROIDBUG-15931809
DROIDBUG-15931830,2026-10-01T11:07:32.000-0700,Manisha Nakka,Rejected,DROIDBUG,Task,Snapdragon_Auto.HGY.4.1.6.0,"Snapdragon_Auto.HGY.4.1.6.0_PDT - [Snapdragon_Auto.HGY.4.1.6.0.r1-00242-STD.INT-1] - APPS Crash - Kernel panic - not syncing: sysrq triggered crash, UEFI mode enabled, UEFI Cookie : 0x75656669",https://jira-dc2-tools.qualcomm.com/jira/browse/DROIDBUG-15931830
DROIDBUG-15931892,2026-10-01T11:40:31.000-0700,Manisha Nakka,Rejected,DROIDBUG,Task,Snapdragon_Auto.HGY.4.1.6.0,"Snapdragon_Auto.HGY.4.1.6.0_PDT - [Snapdragon_Auto.HGY.4.1.6.0.r1-00242-STD.INT-1] - APPS Crash - Kernel panic - not syncing: sysrq triggered crash, UEFI mode enabled, UEFI Cookie : 0x75656669",https://jira-dc2-tools.qualcomm.com/jira/browse/DROIDBUG-15931892
DROIDBUG-15931961,2026-10-01T12:13:30.000-0700,Manisha Nakka,Rejected,DROIDBUG,Task,Snapdragon_Auto.HGY.4.1.6.0,"Snapdragon_Auto.HGY.4.1.6.0_PDT - [Snapdragon_Auto.HGY.4.1.6.0.r1-00242-STD.INT-1] - APPS Crash - Kernel panic - not syncing: sysrq triggered crash, UEFI mode enabled, UEFI Cookie : 0x75656669",https://jira-dc2-tools.qualcomm.com/jira/browse/DROIDBUG-15931961
DROIDBUG-15932019,2026-10-01T13:00:45.000-0700,Manisha Nakka,S1_ANALYSIS,DROIDBUG,Task,Snapdragon_Auto.HGY.4.1.6.0,"Snapdragon_Auto.HGY.4.1.6.0_PDT - [Snapdragon_Auto.HGY.4.1.6.0.r1-00242-STD.INT-1] - GCC_RESET_STATUS : 0x4202, UEFI mode enabled, UEFI Cookie : 0x75656669",https://jira-dc2-tools.qualcomm.com/jira/browse/DROIDBUG-15932019
DROIDBUG-15932020,2026-10-01T13:01:51.000-0700,Manisha Nakka,Closed,DROIDBUG,Task,Snapdragon_Auto.HGY.4.1.8.0.r2,Snapdragon_Auto.HGY.4.1.8.0.r2_PDT - [Snapdragon_Auto.HGY.4.1.8.0.r2-00038-STD.INT-1] - ProcessDump - [LINUX_PROCESS_CRASH] sysprofiler_app,https://jira-dc2-tools.qualcomm.com/jira/browse/DROIDBUG-15932020
DROIDBUG-15932023,2026-10-01T13:05:46.000-0700,Manisha Nakka,S1_ANALYSIS,DROIDBUG,Task,Snapdragon_Auto.HGY.4.1.6.0,"Snapdragon_Auto.HGY.4.1.6.0_PDT - [Snapdragon_Auto.HGY.4.1.6.0.r1-00242-STD.INT-1] - GCC_RESET_STATUS : 0x4202, UEFI mode enabled, UEFI Cookie : 0x75656669",https://jira-dc2-tools.qualcomm.com/jira/browse/DROIDBUG-15932023
DROIDBUG-15932106,2026-10-01T13:53:43.000-0700,Manisha Nakka,S1_ANALYSIS,DROIDBUG,Task,Snapdragon_Auto.HGY.4.1.6.0,"Snapdragon_Auto.HGY.4.1.6.0_PDT - [Snapdragon_Auto.HGY.4.1.6.0.r1-00242-STD.INT-1] - GCC_RESET_STATUS : 0x4202, UEFI mode enabled, UEFI Cookie : 0x75656669",https://jira-dc2-tools.qualcomm.com/jira/browse/DROIDBUG-15932106
DROIDBUG-15932160,2026-10-01T14:21:03.000-0700,Manisha Nakka,S1_ANALYSIS,DROIDBUG,Task,Snapdragon_Auto.HGY.4.1.8.0.r2,"Snapdragon_Auto.HGY.4.1.8.0.r2_PDT - [Snapdragon_Auto.HGY.4.1.8.0.r2-00038-STD.INT-1] - APPS Crash - Kernel panic - not syncing: sysrq triggered crash, UEFI mode enabled, UEFI Cookie : 0x75656669",https://jira-dc2-tools.qualcomm.com/jira/browse/DROIDBUG-15932160
DROIDBUG-15932179,2026-10-01T14:31:49.000-0700,Manisha Nakka,Rejected,DROIDBUG,Task,Snapdragon_Auto.HGY.4.1.6.0,"Snapdragon_Auto.HGY.4.1.6.0_PDT - [Snapdragon_Auto.HGY.4.1.6.0.r1-00242-STD.INT-1] - APPS Crash - Kernel panic - not syncing: sysrq triggered crash, UEFI mode enabled, UEFI Cookie : 0x75656669",https://jira-dc2-tools.qualcomm.com/jira/browse/DROIDBUG-15932179
DROIDBUG-15932201,2026-10-01T14:46:37.000-0700,Manisha Nakka,S1_ANALYSIS,DROIDBUG,Task,Snapdragon_Auto.HGY.4.1.6.0,"Snapdragon_Auto.HGY.4.1.6.0_PDT - [Snapdragon_Auto.HGY.4.1.6.0.r1-00242-STD.INT-1] - GCC_RESET_STATUS : 0x4202, UEFI mode enabled, UEFI Cookie : 0x75656669",https://jira-dc2-tools.qualcomm.com/jira/browse/DROIDBUG-15932201
DROIDBUG-15932236,2026-10-01T15:10:49.000-0700,Manisha Nakka,Closed,DROIDBUG,Task,Snapdragon_Auto.HGY.4.1.8.0.r2,Snapdragon_Auto.HGY.4.1.8.0.r2_PDT - [Snapdragon_Auto.HGY.4.1.8.0.r2-00038-STD.INT-1] - ProcessDump - [LINUX_PROCESS_CRASH] sysprofiler_app,https://jira-dc2-tools.qualcomm.com/jira/browse/DROIDBUG-15932236
DROIDBUG-15932237,2026-10-01T15:10:59.000-0700,Manisha Nakka,Closed,DROIDBUG,Task,Snapdragon_Auto.HGY.4.1.8.0.r2,Snapdragon_Auto.HGY.4.1.8.0.r2_PDT - [Snapdragon_Auto.HGY.4.1.8.0.r2-00038-STD.INT-1] - ProcessDump - [LINUX_PROCESS_CRASH] sysprofiler_app,https://jira-dc2-tools.qualcomm.com/jira/browse/DROIDBUG-15932237
DROIDBUG-15932250,2026-10-01T15:15:55.000-0700,Manisha Nakka,Closed,DROIDBUG,Task,Snapdragon_Auto.HGY.4.1.8.0.r2,Snapdragon_Auto.HGY.4.1.8.0.r2_PDT - [Snapdragon_Auto.HGY.4.1.8.0.r2-00038-STD.INT-1] - ProcessDump - [LINUX_PROCESS_CRASH] sysprofiler_app,https://jira-dc2-tools.qualcomm.com/jira/browse/DROIDBUG-15932250
DROIDBUG-15932252,2026-10-01T15:16:01.000-0700,Manisha Nakka,Closed,DROIDBUG,Task,Snapdragon_Auto.HGY.4.1.8.0.r2,Snapdragon_Auto.HGY.4.1.8.0.r2_PDT - [Snapdragon_Auto.HGY.4.1.8.0.r2-00038-STD.INT-1] - ProcessDump - [LINUX_PROCESS_CRASH] sysprofiler_app,https://jira-dc2-tools.qualcomm.com/jira/browse/DROIDBUG-15932252
DROIDBUG-15932292,2026-10-01T15:43:56.000-0700,Manisha Nakka,S1_ANALYSIS,DROIDBUG,Task,Snapdragon_Auto.HGY.4.1.6.0,"Snapdragon_Auto.HGY.4.1.6.0_PDT - [Snapdragon_Auto.HGY.4.1.6.0.r1-00242-STD.INT-1] - GCC_RESET_STATUS : 0x4202, UEFI mode enabled, UEFI Cookie : 0x75656669",https://jira-dc2-tools.qualcomm.com/jira/browse/DROIDBUG-15932292
DROIDBUG-15932301,2026-10-01T15:56:03.000-0700,Manisha Nakka,S1_ANALYSIS,DROIDBUG,Task,Snapdragon_Auto.HGY.4.1.6.0,"Snapdragon_Auto.HGY.4.1.6.0_PDT - [Snapdragon_Auto.HGY.4.1.6.0.r1-00242-STD.INT-1] - GCC_RESET_STATUS : 0x4202, UEFI mode enabled, UEFI Cookie : 0x75656669",https://jira-dc2-tools.qualcomm.com/jira/browse/DROIDBUG-15932301
DROIDBUG-15932368,2026-10-01T16:31:50.000-0700,Manisha Nakka,S1_ANALYSIS,DROIDBUG,Task,Snapdragon_Auto.HGY.4.1.6.0,"Snapdragon_Auto.HGY.4.1.6.0_PDT - [Snapdragon_Auto.HGY.4.1.6.0.r1-00242-STD.INT-1] - GCC_RESET_STATUS : 0x4202, UEFI mode enabled, UEFI Cookie : 0x75656669",https://jira-dc2-tools.qualcomm.com/jira/browse/DROIDBUG-15932368
DROIDBUG-15932440,2026-10-01T17:09:40.000-0700,Manisha Nakka,S1_ANALYSIS,DROIDBUG,Task,Snapdragon_Auto.HGY.4.1.6.0,"Snapdragon_Auto.HGY.4.1.6.0_PDT - [Snapdragon_Auto.HGY.4.1.6.0.r1-00242-STD.INT-1] - GCC_RESET_STATUS : 0x4202, UEFI mode enabled, UEFI Cookie : 0x75656669",https://jira-dc2-tools.qualcomm.com/jira/browse/DROIDBUG-15932440
DROIDBUG-15932457,2026-10-01T17:18:00.000-0700,Manisha Nakka,Closed,DROIDBUG,Task,Snapdragon_Auto.HGY.4.1.8.0.r2,Snapdragon_Auto.HGY.4.1.8.0.r2_PDT - [Snapdragon_Auto.HGY.4.1.8.0.r2-00038-STD.INT-1] - ProcessDump - [LINUX_PROCESS_CRASH] sysprofiler_app,https://jira-dc2-tools.qualcomm.com/jira/browse/DROIDBUG-15932457
DROIDBUG-15932463,2026-10-01T17:20:00.000-0700,Manisha Nakka,Closed,DROIDBUG,Task,Snapdragon_Auto.HGY.4.1.8.0.r2,Snapdragon_Auto.HGY.4.1.8.0.r2_PDT - [Snapdragon_Auto.HGY.4.1.8.0.r2-00038-STD.INT-1] - ProcessDump - [LINUX_PROCESS_CRASH] sysprofiler_app,https://jira-dc2-tools.qualcomm.com/jira/browse/DROIDBUG-15932463
DROIDBUG-15932498,2026-10-01T17:36:03.000-0700,Manisha Nakka,Rejected,DROIDBUG,Task,Snapdragon_Auto.HGY.4.1.6.0,"Snapdragon_Auto.HGY.4.1.6.0_PDT - [Snapdragon_Auto.HGY.4.1.6.0.r1-00242-STD.INT-1] - APPS Crash - Kernel panic - not syncing: sysrq triggered crash, UEFI mode enabled, UEFI Cookie : 0x75656669",https://jira-dc2-tools.qualcomm.com/jira/browse/DROIDBUG-15932498
DROIDBUG-15932576,2026-10-01T18:23:42.000-0700,Manisha Nakka,S1_ANALYSIS,DROIDBUG,Task,Snapdragon_Auto.HGY.4.1.6.0,"Snapdragon_Auto.HGY.4.1.6.0_PDT - [Snapdragon_Auto.HGY.4.1.6.0.r1-00242-STD.INT-1] - GCC_RESET_STATUS : 0x4202, UEFI mode enabled, UEFI Cookie : 0x75656669",https://jira-dc2-tools.qualcomm.com/jira/browse/DROIDBUG-15932576
DROIDBUG-15932587,2026-10-01T18:28:55.000-0700,Manisha Nakka,S1_ANALYSIS,DROIDBUG,Task,Snapdragon_Auto.HGY.4.1.6.0,"Snapdragon_Auto.HGY.4.1.6.0_PDT - [Snapdragon_Auto.HGY.4.1.6.0.r1-00242-STD.INT-1] - GCC_RESET_STATUS : 0x4202, UEFI mode enabled, UEFI Cookie : 0x75656669",https://jira-dc2-tools.qualcomm.com/jira/browse/DROIDBUG-15932587
DROIDBUG-15932648,2026-10-01T19:17:04.000-0700,Manisha Nakka,S1_ANALYSIS,DROIDBUG,Task,Snapdragon_Auto.HGY.4.1.6.0,"Snapdragon_Auto.HGY.4.1.6.0_PDT - [Snapdragon_Auto.HGY.4.1.6.0.r1-00242-STD.INT-1] - GCC_RESET_STATUS : 0x4202, UEFI mode enabled, UEFI Cookie : 0x75656669",https://jira-dc2-tools.qualcomm.com/jira/browse/DROIDBUG-15932648
DROIDBUG-15932665,2026-10-01T19:27:39.000-0700,Manisha Nakka,Closed,DROIDBUG,Task,Snapdragon_Auto.HGY.4.1.8.0.r2,Snapdragon_Auto.HGY.4.1.8.0.r2_PDT - [Snapdragon_Auto.HGY.4.1.8.0.r2-00038-STD.INT-1] - ProcessDump - [LINUX_PROCESS_CRASH] sysprofiler_app,https://jira-dc2-tools.qualcomm.com/jira/browse/DROIDBUG-15932665
DROIDBUG-15932666,2026-10-01T19:27:45.000-0700,Manisha Nakka,Closed,DROIDBUG,Task,Snapdragon_Auto.HGY.4.1.8.0.r2,Snapdragon_Auto.HGY.4.1.8.0.r2_PDT - [Snapdragon_Auto.HGY.4.1.8.0.r2-00038-STD.INT-1] - ProcessDump - [LINUX_PROCESS_CRASH] sysprofiler_app,https://jira-dc2-tools.qualcomm.com/jira/browse/DROIDBUG-15932666
DROIDBUG-15932749,2026-10-01T19:59:30.000-0700,Manisha Nakka,Rejected,DROIDBUG,Task,Snapdragon_Auto.HGY.4.1.6.0,"Snapdragon_Auto.HGY.4.1.6.0_PDT - [Snapdragon_Auto.HGY.4.1.6.0.r1-00242-STD.INT-1] - APPS Crash - Kernel panic - not syncing: sysrq triggered crash, UEFI mode enabled, UEFI Cookie : 0x75656669",https://jira-dc2-tools.qualcomm.com/jira/browse/DROIDBUG-15932749
DROIDBUG-15932774,2026-10-01T20:08:48.000-0700,Manisha Nakka,S1_ANALYSIS,DROIDBUG,Task,Snapdragon_Auto.HGY.4.1.6.0,"Snapdragon_Auto.HGY.4.1.6.0_PDT - [Snapdragon_Auto.HGY.4.1.6.0.r1-00242-STD.INT-1] - GCC_RESET_STATUS : 0x4202, UEFI mode enabled, UEFI Cookie : 0x75656669",https://jira-dc2-tools.qualcomm.com/jira/browse/DROIDBUG-15932774
DROIDBUG-15932872,2026-10-01T21:02:36.000-0700,Manisha Nakka,S1_ANALYSIS,DROIDBUG,Task,Snapdragon_Auto.HGY.4.1.6.0,"Snapdragon_Auto.HGY.4.1.6.0_PDT - [Snapdragon_Auto.HGY.4.1.6.0.r1-00242-STD.INT-1] - GCC_RESET_STATUS : 0x4202, UEFI mode enabled, UEFI Cookie : 0x75656669",https://jira-dc2-tools.qualcomm.com/jira/browse/DROIDBUG-15932872
DROIDBUG-15932932,2026-10-01T21:31:56.000-0700,Manisha Nakka,Rejected,DROIDBUG,Task,Snapdragon_Auto.HGY.4.1.6.0,"Snapdragon_Auto.HGY.4.1.6.0_PDT - [Snapdragon_Auto.HGY.4.1.6.0.r1-00242-STD.INT-1] - TZ - TZBSP_KRNL_FATAL_ERR_TYPE :  Fatal Error type: 1 - 0x00000001   (APPS_ERR_FATAL_NON_SECURE_WDT      ) on CPU 1, UEFI mode enabled, UEFI Cookie : 0x75656669",https://jira-dc2-tools.qualcomm.com/jira/browse/DROIDBUG-15932932
DROIDBUG-15932934,2026-10-01T21:33:12.000-0700,Manisha Nakka,Closed,DROIDBUG,Task,Snapdragon_Auto.HGY.4.1.8.0.r2,Snapdragon_Auto.HGY.4.1.8.0.r2_PDT - [Snapdragon_Auto.HGY.4.1.8.0.r2-00038-STD.INT-1] - ProcessDump - [LINUX_PROCESS_CRASH] sysprofiler_app,https://jira-dc2-tools.qualcomm.com/jira/browse/DROIDBUG-15932934
DROIDBUG-15932955,2026-10-01T21:43:15.000-0700,Manisha Nakka,S1_ANALYSIS,DROIDBUG,Task,SA8775P.HGY.4.1.9.0,Snapdragon_Auto.HGY.4.1.9.0_PDT - [SA8775P.HGY.4.1.9.0-00022-STD.INT-1] - Undetermined crash root cause,https://jira-dc2-tools.qualcomm.com/jira/browse/DROIDBUG-15932955
DROIDBUG-15932979,2026-10-01T21:53:24.000-0700,Manisha Nakka,S1_ANALYSIS,DROIDBUG,Task,Snapdragon_Auto.HGY.4.1.6.0,"Snapdragon_Auto.HGY.4.1.6.0_PDT - [Snapdragon_Auto.HGY.4.1.6.0.r1-00242-STD.INT-1] - GCC_RESET_STATUS : 0x4202, UEFI mode enabled, UEFI Cookie : 0x75656669",https://jira-dc2-tools.qualcomm.com/jira/browse/DROIDBUG-15932979
DROIDBUG-15933141,2026-10-01T22:51:23.000-0700,Manisha Nakka,S1_ANALYSIS,DROIDBUG,Task,Snapdragon_Auto.HGY.4.1.6.0,"Snapdragon_Auto.HGY.4.1.6.0_PDT - [Snapdragon_Auto.HGY.4.1.6.0.r1-00242-STD.INT-1] - GCC_RESET_STATUS : 0x4202, UEFI mode enabled, UEFI Cookie : 0x75656669",https://jira-dc2-tools.qualcomm.com/jira/browse/DROIDBUG-15933141
DROIDBUG-15933156,2026-10-01T22:59:11.000-0700,Manisha Nakka,Rejected,DROIDBUG,Task,Snapdragon_Auto.HGY.4.1.6.0,"Snapdragon_Auto.HGY.4.1.6.0_PDT - [Snapdragon_Auto.HGY.4.1.6.0.r1-00242-STD.INT-1] - APPS Crash - Kernel panic - not syncing: sysrq triggered crash, UEFI mode enabled, UEFI Cookie : 0x75656669",https://jira-dc2-tools.qualcomm.com/jira/browse/DROIDBUG-15933156
DROIDBUG-15933259,2026-10-01T23:42:40.000-0700,Manisha Nakka,Closed,DROIDBUG,Task,Snapdragon_Auto.HGY.4.1.8.0.r2,Snapdragon_Auto.HGY.4.1.8.0.r2_PDT - [Snapdragon_Auto.HGY.4.1.8.0.r2-00038-STD.INT-1] - ProcessDump - [LINUX_PROCESS_CRASH] sysprofiler_app,https://jira-dc2-tools.qualcomm.com/jira/browse/DROIDBUG-15933259
DROIDBUG-15933265,2026-10-01T23:46:27.000-0700,Manisha Nakka,S1_ANALYSIS,DROIDBUG,Task,Snapdragon_Auto.HGY.4.1.6.0,"Snapdragon_Auto.HGY.4.1.6.0_PDT - [Snapdragon_Auto.HGY.4.1.6.0.r1-00242-STD.INT-1] - GCC_RESET_STATUS : 0x4202, UEFI mode enabled, UEFI Cookie : 0x75656669",https://jira-dc2-tools.qualcomm.com/jira/browse/DROIDBUG-15933265
DROIDBUG-15933348,2026-10-02T00:11:30.000-0700,Manisha Nakka,S1_ANALYSIS,DROIDBUG,Task,Snapdragon_Auto.HGY.4.1.6.0,"Snapdragon_Auto.HGY.4.1.6.0_PDT - [Snapdragon_Auto.HGY.4.1.6.0.r1-00242-STD.INT-1] - GCC_RESET_STATUS : 0x4202, UEFI mode enabled, UEFI Cookie : 0x75656669",https://jira-dc2-tools.qualcomm.com/jira/browse/DROIDBUG-15933348
DROIDBUG-15933426,2026-10-02T00:38:19.000-0700,Manisha Nakka,S1_ANALYSIS,DROIDBUG,Task,Snapdragon_Auto.HGY.4.1.6.0,"Snapdragon_Auto.HGY.4.1.6.0_PDT - [Snapdragon_Auto.HGY.4.1.6.0.r1-00242-STD.INT-1] - GCC_RESET_STATUS : 0x4202, UEFI mode enabled, UEFI Cookie : 0x75656669",https://jira-dc2-tools.qualcomm.com/jira/browse/DROIDBUG-15933426
DROIDBUG-15933521,2026-10-02T01:29:21.000-0700,Manisha Nakka,S1_ANALYSIS,DROIDBUG,Task,Snapdragon_Auto.HGY.4.1.6.0,"Snapdragon_Auto.HGY.4.1.6.0_PDT - [Snapdragon_Auto.HGY.4.1.6.0.r1-00242-STD.INT-1] - GCC_RESET_STATUS : 0x4202, UEFI mode enabled, UEFI Cookie : 0x75656669",https://jira-dc2-tools.qualcomm.com/jira/browse/DROIDBUG-15933521
DROIDBUG-15933547,2026-10-02T01:44:08.000-0700,Manisha Nakka,Rejected,DROIDBUG,Task,Snapdragon_Auto.HGY.4.1.6.0,"Snapdragon_Auto.HGY.4.1.6.0_PDT - [Snapdragon_Auto.HGY.4.1.6.0.r1-00242-STD.INT-1] - APPS Crash - Kernel panic - not syncing: sysrq triggered crash, UEFI mode enabled, UEFI Cookie : 0x75656669",https://jira-dc2-tools.qualcomm.com/jira/browse/DROIDBUG-15933547
DROIDBUG-15933556,2026-10-02T01:48:59.000-0700,Manisha Nakka,S1_ANALYSIS,DROIDBUG,Task,Snapdragon_Auto.HGY.4.1.8.0.r2,"Snapdragon_Auto.HGY.4.1.8.0.r2_PDT - [Snapdragon_Auto.HGY.4.1.8.0.r2-00038-STD.INT-1] - APPS Crash - Kernel panic - not syncing: sysrq triggered crash, UEFI mode enabled, UEFI Cookie : 0x75656669",https://jira-dc2-tools.qualcomm.com/jira/browse/DROIDBUG-15933556
DROIDBUG-15933564,2026-10-02T01:52:19.000-0700,Manisha Nakka,Closed,DROIDBUG,Task,Snapdragon_Auto.HGY.4.1.8.0.r2,Snapdragon_Auto.HGY.4.1.8.0.r2_PDT - [Snapdragon_Auto.HGY.4.1.8.0.r2-00038-STD.INT-1] - ProcessDump - [LINUX_PROCESS_CRASH] sysprofiler_app,https://jira-dc2-tools.qualcomm.com/jira/browse/DROIDBUG-15933564
DROIDBUG-15933670,2026-10-02T02:43:54.000-0700,Manisha Nakka,Rejected,DROIDBUG,Task,Snapdragon_Auto.HGY.4.1.6.0,"Snapdragon_Auto.HGY.4.1.6.0_PDT - [Snapdragon_Auto.HGY.4.1.6.0.r1-00242-STD.INT-1] - APPS Crash - Kernel panic - not syncing: sysrq triggered crash, UEFI mode enabled, UEFI Cookie : 0x75656669",https://jira-dc2-tools.qualcomm.com/jira/browse/DROIDBUG-15933670
DROIDBUG-15933723,2026-10-02T03:00:37.000-0700,Manisha Nakka,S1_ANALYSIS,DROIDBUG,Task,Snapdragon_Auto.HGY.4.1.6.0,"Snapdragon_Auto.HGY.4.1.6.0_PDT - [Snapdragon_Auto.HGY.4.1.6.0.r1-00242-STD.INT-1] - GCC_RESET_STATUS : 0x4202, UEFI mode enabled, UEFI Cookie : 0x75656669",https://jira-dc2-tools.qualcomm.com/jira/browse/DROIDBUG-15933723
DROIDBUG-15933735,2026-10-02T03:10:23.000-0700,Manisha Nakka,Closed,DROIDBUG,Task,Snapdragon_Auto.HGY.4.1.8.0.r2,Snapdragon_Auto.HGY.4.1.8.0.r2_PDT - [Snapdragon_Auto.HGY.4.1.8.0.r2-00038-STD.INT-1] - ProcessDump - [LINUX_PROCESS_CRASH] testfw_app,https://jira-dc2-tools.qualcomm.com/jira/browse/DROIDBUG-15933735
DROIDBUG-15933776,2026-10-02T03:36:46.000-0700,Manisha Nakka,S1_ANALYSIS,DROIDBUG,Task,Snapdragon_Auto.HGY.4.1.6.0,"Snapdragon_Auto.HGY.4.1.6.0_PDT - [Snapdragon_Auto.HGY.4.1.6.0.r1-00242-STD.INT-1] - GCC_RESET_STATUS : 0x4202, UEFI mode enabled, UEFI Cookie : 0x75656669",https://jira-dc2-tools.qualcomm.com/jira/browse/DROIDBUG-15933776
DROIDBUG-15933801,2026-10-02T03:59:07.000-0700,Manisha Nakka,Closed,DROIDBUG,Task,Snapdragon_Auto.HGY.4.1.8.0.r2,Snapdragon_Auto.HGY.4.1.8.0.r2_PDT - [Snapdragon_Auto.HGY.4.1.8.0.r2-00038-STD.INT-1] - ProcessDump - [LINUX_PROCESS_CRASH] sysprofiler_app,https://jira-dc2-tools.qualcomm.com/jira/browse/DROIDBUG-15933801
DROIDBUG-15933803,2026-10-02T03:59:23.000-0700,Manisha Nakka,Closed,DROIDBUG,Task,Snapdragon_Auto.HGY.4.1.8.0.r2,Snapdragon_Auto.HGY.4.1.8.0.r2_PDT - [Snapdragon_Auto.HGY.4.1.8.0.r2-00038-STD.INT-1] - ProcessDump - [LINUX_PROCESS_CRASH] sysprofiler_app,https://jira-dc2-tools.qualcomm.com/jira/browse/DROIDBUG-15933803
DROIDBUG-15933859,2026-10-02T04:29:35.000-0700,Manisha Nakka,S1_ANALYSIS,DROIDBUG,Task,Snapdragon_Auto.HGY.4.1.6.0,"Snapdragon_Auto.HGY.4.1.6.0_PDT - [Snapdragon_Auto.HGY.4.1.6.0.r1-00242-STD.INT-1] - GCC_RESET_STATUS : 0x4202, UEFI mode enabled, UEFI Cookie : 0x75656669",https://jira-dc2-tools.qualcomm.com/jira/browse/DROIDBUG-15933859
DROIDBUG-15933865,2026-10-02T04:32:38.000-0700,Manisha Nakka,S1_ANALYSIS,DROIDBUG,Task,Snapdragon_Auto.HGY.4.1.6.0,"Snapdragon_Auto.HGY.4.1.6.0_PDT - [Snapdragon_Auto.HGY.4.1.6.0.r1-00242-STD.INT-1] - GCC_RESET_STATUS : 0x4202, UEFI mode enabled, UEFI Cookie : 0x75656669",https://jira-dc2-tools.qualcomm.com/jira/browse/DROIDBUG-15933865
DROIDBUG-15933945,2026-10-02T05:22:17.000-0700,Manisha Nakka,S1_ANALYSIS,DROIDBUG,Task,Snapdragon_Auto.HGY.4.1.6.0,"Snapdragon_Auto.HGY.4.1.6.0_PDT - [Snapdragon_Auto.HGY.4.1.6.0.r1-00242-STD.INT-1] - GCC_RESET_STATUS : 0x4202, UEFI mode enabled, UEFI Cookie : 0x75656669",https://jira-dc2-tools.qualcomm.com/jira/browse/DROIDBUG-15933945
DROIDBUG-15934014,2026-10-02T06:03:28.000-0700,Manisha Nakka,S1_ANALYSIS,DROIDBUG,Task,Snapdragon_Auto.HGY.4.1.6.0,"Snapdragon_Auto.HGY.4.1.6.0_PDT - [Snapdragon_Auto.HGY.4.1.6.0.r1-00242-STD.INT-1] - GCC_RESET_STATUS : 0x4202, UEFI mode enabled, UEFI Cookie : 0x75656669",https://jira-dc2-tools.qualcomm.com/jira/browse/DROIDBUG-15934014
DROIDBUG-15934025,2026-10-02T06:06:44.000-0700,Manisha Nakka,Closed,DROIDBUG,Task,Snapdragon_Auto.HGY.4.1.8.0.r2,Snapdragon_Auto.HGY.4.1.8.0.r2_PDT - [Snapdragon_Auto.HGY.4.1.8.0.r2-00038-STD.INT-1] - ProcessDump - [LINUX_PROCESS_CRASH] sysprofiler_app,https://jira-dc2-tools.qualcomm.com/jira/browse/DROIDBUG-15934025
DROIDBUG-15934027,2026-10-02T06:07:08.000-0700,Manisha Nakka,Closed,DROIDBUG,Task,Snapdragon_Auto.HGY.4.1.8.0.r2,Snapdragon_Auto.HGY.4.1.8.0.r2_PDT - [Snapdragon_Auto.HGY.4.1.8.0.r2-00038-STD.INT-1] - ProcessDump - [LINUX_PROCESS_CRASH] sysprofiler_app,https://jira-dc2-tools.qualcomm.com/jira/browse/DROIDBUG-15934027
DROIDBUG-15934052,2026-10-02T06:20:03.000-0700,Manisha Nakka,S1_ANALYSIS,DROIDBUG,Task,Snapdragon_Auto.HGY.4.1.6.0,"Snapdragon_Auto.HGY.4.1.6.0_PDT - [Snapdragon_Auto.HGY.4.1.6.0.r1-00242-STD.INT-1] - GCC_RESET_STATUS : 0x4202, UEFI mode enabled, UEFI Cookie : 0x75656669",https://jira-dc2-tools.qualcomm.com/jira/browse/DROIDBUG-15934052
DROIDBUG-15934130,2026-10-02T07:19:32.000-0700,Manisha Nakka,Rejected,DROIDBUG,Task,Snapdragon_Auto.HGY.4.1.6.0,"Snapdragon_Auto.HGY.4.1.6.0_PDT - [Snapdragon_Auto.HGY.4.1.6.0.r1-00242-STD.INT-1] - APPS Crash - Kernel panic - not syncing: sysrq triggered crash, UEFI mode enabled, UEFI Cookie : 0x75656669",https://jira-dc2-tools.qualcomm.com/jira/browse/DROIDBUG-15934130
DROIDBUG-15934159,2026-10-02T07:34:56.000-0700,Manisha Nakka,S1_ANALYSIS,DROIDBUG,Task,Snapdragon_Auto.HGY.4.1.8.0.r2,"Snapdragon_Auto.HGY.4.1.8.0.r2_PDT - [Snapdragon_Auto.HGY.4.1.8.0.r2-00038-STD.INT-1] - APPS Crash - Kernel panic - not syncing: sysrq triggered crash, UEFI mode enabled, UEFI Cookie : 0x75656669",https://jira-dc2-tools.qualcomm.com/jira/browse/DROIDBUG-15934159
DROIDBUG-15934176,2026-10-02T07:42:52.000-0700,Manisha Nakka,S1_ANALYSIS,DROIDBUG,Task,Snapdragon_Auto.HGY.4.1.6.0,"Snapdragon_Auto.HGY.4.1.6.0_PDT - [Snapdragon_Auto.HGY.4.1.6.0.r1-00242-STD.INT-1] - GCC_RESET_STATUS : 0x4202, UEFI mode enabled, UEFI Cookie : 0x75656669",https://jira-dc2-tools.qualcomm.com/jira/browse/DROIDBUG-15934176
DROIDBUG-15934229,2026-10-02T08:26:49.000-0700,Manisha Nakka,Closed,DROIDBUG,Task,Snapdragon_Auto.HGY.4.1.8.0.r2,Snapdragon_Auto.HGY.4.1.8.0.r2_PDT - [Snapdragon_Auto.HGY.4.1.8.0.r2-00038-STD.INT-1] - ProcessDump - [LINUX_PROCESS_CRASH] sysprofiler_app,https://jira-dc2-tools.qualcomm.com/jira/browse/DROIDBUG-15934229
DROIDBUG-15934300,2026-10-02T09:07:44.000-0700,Manisha Nakka,S1_ANALYSIS,DROIDBUG,Task,Snapdragon_Auto.HGY.4.1.6.0,"Snapdragon_Auto.HGY.4.1.6.0_PDT - [Snapdragon_Auto.HGY.4.1.6.0.r1-00242-STD.INT-1] - GCC_RESET_STATUS : 0x4202, UEFI mode enabled, UEFI Cookie : 0x75656669",https://jira-dc2-tools.qualcomm.com/jira/browse/DROIDBUG-15934300
DROIDBUG-15934307,2026-10-02T09:20:00.000-0700,Manisha Nakka,Rejected,DROIDBUG,Task,Snapdragon_Auto.HGY.4.1.6.0,"Snapdragon_Auto.HGY.4.1.6.0_PDT - [Snapdragon_Auto.HGY.4.1.6.0.r1-00242-STD.INT-1] - APPS Crash - Kernel panic - not syncing: sysrq triggered crash, UEFI mode enabled, UEFI Cookie : 0x75656669",https://jira-dc2-tools.qualcomm.com/jira/browse/DROIDBUG-15934307
DROIDBUG-15934369,2026-10-02T10:06:07.000-0700,Manisha Nakka,S1_ANALYSIS,DROIDBUG,Task,Snapdragon_Auto.HGY.4.1.6.0,"Snapdragon_Auto.HGY.4.1.6.0_PDT - [Snapdragon_Auto.HGY.4.1.6.0.r1-00242-STD.INT-1] - GCC_RESET_STATUS : 0x4202, UEFI mode enabled, UEFI Cookie : 0x75656669",https://jira-dc2-tools.qualcomm.com/jira/browse/DROIDBUG-15934369
DROIDBUG-15934392,2026-10-02T10:24:22.000-0700,Manisha Nakka,Closed,DROIDBUG,Task,Snapdragon_Auto.HGY.4.1.8.0.r2,Snapdragon_Auto.HGY.4.1.8.0.r2_PDT - [Snapdragon_Auto.HGY.4.1.8.0.r2-00038-STD.INT-1] - ProcessDump - [LINUX_PROCESS_CRASH] sysprofiler_app,https://jira-dc2-tools.qualcomm.com/jira/browse/DROIDBUG-15934392
DROIDBUG-15934395,2026-10-02T10:26:14.000-0700,Manisha Nakka,Closed,DROIDBUG,Task,Snapdragon_Auto.HGY.4.1.8.0.r2,Snapdragon_Auto.HGY.4.1.8.0.r2_PDT - [Snapdragon_Auto.HGY.4.1.8.0.r2-00038-STD.INT-1] - ProcessDump - [LINUX_PROCESS_CRASH] sysprofiler_app,https://jira-dc2-tools.qualcomm.com/jira/browse/DROIDBUG-15934395
DROIDBUG-15934431,2026-10-02T10:56:07.000-0700,Manisha Nakka,Rejected,DROIDBUG,Task,Snapdragon_Auto.HGY.4.1.6.0,"Snapdragon_Auto.HGY.4.1.6.0_PDT - [Snapdragon_Auto.HGY.4.1.6.0.r1-00242-STD.INT-1] - APPS Crash - Kernel panic - not syncing: sysrq triggered crash, UEFI mode enabled, UEFI Cookie : 0x75656669",https://jira-dc2-tools.qualcomm.com/jira/browse/DROIDBUG-15934431
DROIDBUG-15934435,2026-10-02T10:59:15.000-0700,Manisha Nakka,S1_ANALYSIS,DROIDBUG,Task,Snapdragon_Auto.HGY.4.1.6.0,"Snapdragon_Auto.HGY.4.1.6.0_PDT - [Snapdragon_Auto.HGY.4.1.6.0.r1-00242-STD.INT-1] - GCC_RESET_STATUS : 0x4202, UEFI mode enabled, UEFI Cookie : 0x75656669",https://jira-dc2-tools.qualcomm.com/jira/browse/DROIDBUG-15934435
DROIDBUG-15934443,2026-10-02T11:03:33.000-0700,Manisha Nakka,S1_ANALYSIS,DROIDBUG,Task,SA8775P.HGY.4.1.9.0,Snapdragon_Auto.HGY.4.1.9.0_PDT - [SA8775P.HGY.4.1.9.0-00022-STD.INT-1] - Error on remote processor. Could be APPs Crash,https://jira-dc2-tools.qualcomm.com/jira/browse/DROIDBUG-15934443
DROIDBUG-15934455,2026-10-02T11:10:06.000-0700,Manisha Nakka,S1_ANALYSIS,DROIDBUG,Task,SA8775P.HGY.4.1.9.0,Snapdragon_Auto.HGY.4.1.9.0_PDT - [SA8775P.HGY.4.1.9.0-00022-STD.INT-1] - Error on remote processor. Could be APPs Crash,https://jira-dc2-tools.qualcomm.com/jira/browse/DROIDBUG-15934455
DROIDBUG-15934504,2026-10-02T11:53:56.000-0700,Manisha Nakka,S1_ANALYSIS,DROIDBUG,Task,Snapdragon_Auto.HGY.4.1.6.0,"Snapdragon_Auto.HGY.4.1.6.0_PDT - [Snapdragon_Auto.HGY.4.1.6.0.r1-00242-STD.INT-1] - GCC_RESET_STATUS : 0x4202, UEFI mode enabled, UEFI Cookie : 0x75656669",https://jira-dc2-tools.qualcomm.com/jira/browse/DROIDBUG-15934504
DROIDBUG-15934543,2026-10-02T12:33:07.000-0700,Manisha Nakka,Closed,DROIDBUG,Task,Snapdragon_Auto.HGY.4.1.8.0.r2,Snapdragon_Auto.HGY.4.1.8.0.r2_PDT - [Snapdragon_Auto.HGY.4.1.8.0.r2-00038-STD.INT-1] - ProcessDump - [LINUX_PROCESS_CRASH] sysprofiler_app,https://jira-dc2-tools.qualcomm.com/jira/browse/DROIDBUG-15934543
DROIDBUG-15934545,2026-10-02T12:35:31.000-0700,Manisha Nakka,Closed,DROIDBUG,Task,Snapdragon_Auto.HGY.4.1.8.0.r2,Snapdragon_Auto.HGY.4.1.8.0.r2_PDT - [Snapdragon_Auto.HGY.4.1.8.0.r2-00038-STD.INT-1] - ProcessDump - [LINUX_PROCESS_CRASH] sysprofiler_app,https://jira-dc2-tools.qualcomm.com/jira/browse/DROIDBUG-15934545
DROIDBUG-15934550,2026-10-02T12:37:56.000-0700,Manisha Nakka,Rejected,DROIDBUG,Task,Snapdragon_Auto.HGY.4.1.6.0,"Snapdragon_Auto.HGY.4.1.6.0_PDT - [Snapdragon_Auto.HGY.4.1.6.0.r1-00242-STD.INT-1] - APPS Crash - Kernel panic - not syncing: sysrq triggered crash, UEFI mode enabled, UEFI Cookie : 0x75656669",https://jira-dc2-tools.qualcomm.com/jira/browse/DROIDBUG-15934550
DROIDBUG-15934568,2026-10-02T12:52:54.000-0700,Manisha Nakka,Closed,DROIDBUG,Task,Snapdragon_Auto.HGY.4.1.8.0.r2,Snapdragon_Auto.HGY.4.1.8.0.r2_PDT - [Snapdragon_Auto.HGY.4.1.8.0.r2-00038-STD.INT-1] - ProcessDump - [LINUX_PROCESS_CRASH] testfw_app,https://jira-dc2-tools.qualcomm.com/jira/browse/DROIDBUG-15934568
DROIDBUG-15934574,2026-10-02T12:57:06.000-0700,Manisha Nakka,Rejected,DROIDBUG,Task,Snapdragon_Auto.HGY.4.1.6.0,"Snapdragon_Auto.HGY.4.1.6.0_PDT - [Snapdragon_Auto.HGY.4.1.6.0.r1-00242-STD.INT-1] - APPS Crash - Kernel panic - not syncing: sysrq triggered crash, UEFI mode enabled, UEFI Cookie : 0x75656669",https://jira-dc2-tools.qualcomm.com/jira/browse/DROIDBUG-15934574
DROIDBUG-15934630,2026-10-02T13:48:34.000-0700,Manisha Nakka,S1_ANALYSIS,DROIDBUG,Task,Snapdragon_Auto.HGY.4.1.6.0,"Snapdragon_Auto.HGY.4.1.6.0_PDT - [Snapdragon_Auto.HGY.4.1.6.0.r1-00242-STD.INT-1] - GCC_RESET_STATUS : 0x4202, UEFI mode enabled, UEFI Cookie : 0x75656669",https://jira-dc2-tools.qualcomm.com/jira/browse/DROIDBUG-15934630
DROIDBUG-15934655,2026-10-02T14:21:14.000-0700,Manisha Nakka,Rejected,DROIDBUG,Task,Snapdragon_Auto.HGY.4.1.6.0,"Snapdragon_Auto.HGY.4.1.6.0_PDT - [Snapdragon_Auto.HGY.4.1.6.0.r1-00242-STD.INT-1] - APPS Crash - Kernel panic - not syncing: sysrq triggered crash, UEFI mode enabled, UEFI Cookie : 0x75656669",https://jira-dc2-tools.qualcomm.com/jira/browse/DROIDBUG-15934655
DROIDBUG-15934673,2026-10-02T14:44:12.000-0700,Manisha Nakka,Closed,DROIDBUG,Task,Snapdragon_Auto.HGY.4.1.8.0.r2,Snapdragon_Auto.HGY.4.1.8.0.r2_PDT - [Snapdragon_Auto.HGY.4.1.8.0.r2-00038-STD.INT-1] - ProcessDump - [LINUX_PROCESS_CRASH] sysprofiler_app,https://jira-dc2-tools.qualcomm.com/jira/browse/DROIDBUG-15934673
DROIDBUG-15934675,2026-10-02T14:44:23.000-0700,Manisha Nakka,Closed,DROIDBUG,Task,Snapdragon_Auto.HGY.4.1.8.0.r2,Snapdragon_Auto.HGY.4.1.8.0.r2_PDT - [Snapdragon_Auto.HGY.4.1.8.0.r2-00038-STD.INT-1] - ProcessDump - [LINUX_PROCESS_CRASH] sysprofiler_app,https://jira-dc2-tools.qualcomm.com/jira/browse/DROIDBUG-15934675
DROIDBUG-15934685,2026-10-02T14:54:05.000-0700,Manisha Nakka,Rejected,DROIDBUG,Task,Snapdragon_Auto.HGY.4.1.6.0,"Snapdragon_Auto.HGY.4.1.6.0_PDT - [Snapdragon_Auto.HGY.4.1.6.0.r1-00242-STD.INT-1] - APPS Crash - Kernel panic - not syncing: sysrq triggered crash, UEFI mode enabled, UEFI Cookie : 0x75656669",https://jira-dc2-tools.qualcomm.com/jira/browse/DROIDBUG-15934685
DROIDBUG-15934760,2026-10-02T15:46:31.000-0700,Manisha Nakka,S1_ANALYSIS,DROIDBUG,Task,Snapdragon_Auto.HGY.4.1.6.0,"Snapdragon_Auto.HGY.4.1.6.0_PDT - [Snapdragon_Auto.HGY.4.1.6.0.r1-00242-STD.INT-1] - GCC_RESET_STATUS : 0x4202, UEFI mode enabled, UEFI Cookie : 0x75656669",https://jira-dc2-tools.qualcomm.com/jira/browse/DROIDBUG-15934760
DROIDBUG-15934772,2026-10-02T16:08:50.000-0700,Manisha Nakka,Rejected,DROIDBUG,Task,Snapdragon_Auto.HGY.4.1.6.0,"Snapdragon_Auto.HGY.4.1.6.0_PDT - [Snapdragon_Auto.HGY.4.1.6.0.r1-00242-STD.INT-1] - APPS Crash - Kernel panic - not syncing: sysrq triggered crash, UEFI mode enabled, UEFI Cookie : 0x75656669",https://jira-dc2-tools.qualcomm.com/jira/browse/DROIDBUG-15934772
DROIDBUG-15934804,2026-10-02T16:39:02.000-0700,Manisha Nakka,S1_ANALYSIS,DROIDBUG,Task,Snapdragon_Auto.HGY.4.1.6.0,"Snapdragon_Auto.HGY.4.1.6.0_PDT - [Snapdragon_Auto.HGY.4.1.6.0.r1-00242-STD.INT-1] - GCC_RESET_STATUS : 0x4202, UEFI mode enabled, UEFI Cookie : 0x75656669",https://jira-dc2-tools.qualcomm.com/jira/browse/DROIDBUG-15934804
DROIDBUG-15934866,2026-10-02T17:31:41.000-0700,Manisha Nakka,S1_ANALYSIS,DROIDBUG,Task,Snapdragon_Auto.HGY.4.1.6.0,"Snapdragon_Auto.HGY.4.1.6.0_PDT - [Snapdragon_Auto.HGY.4.1.6.0.r1-00242-STD.INT-1] - GCC_RESET_STATUS : 0x4202, UEFI mode enabled, UEFI Cookie : 0x75656669",https://jira-dc2-tools.qualcomm.com/jira/browse/DROIDBUG-15934866
DROIDBUG-15935063,2026-10-02T17:56:09.000-0700,Manisha Nakka,Rejected,DROIDBUG,Task,Snapdragon_Auto.HGY.4.1.6.0,"Snapdragon_Auto.HGY.4.1.6.0_PDT - [Snapdragon_Auto.HGY.4.1.6.0.r1-00242-STD.INT-1] - APPS Crash - Kernel panic - not syncing: sysrq triggered crash, UEFI mode enabled, UEFI Cookie : 0x75656669",https://jira-dc2-tools.qualcomm.com/jira/browse/DROIDBUG-15935063
DROIDBUG-15935115,2026-10-02T18:36:47.000-0700,Manisha Nakka,Rejected,DROIDBUG,Task,Snapdragon_Auto.HGY.4.1.6.0,"Snapdragon_Auto.HGY.4.1.6.0_PDT - [Snapdragon_Auto.HGY.4.1.6.0.r1-00242-STD.INT-1] - APPS Crash - Kernel panic - not syncing: sysrq triggered crash, UEFI mode enabled, UEFI Cookie : 0x75656669",https://jira-dc2-tools.qualcomm.com/jira/browse/DROIDBUG-15935115
DROIDBUG-15935194,2026-10-02T19:25:23.000-0700,Manisha Nakka,S1_ANALYSIS,DROIDBUG,Task,Snapdragon_Auto.HGY.4.1.6.0,"Snapdragon_Auto.HGY.4.1.6.0_PDT - [Snapdragon_Auto.HGY.4.1.6.0.r1-00242-STD.INT-1] - GCC_RESET_STATUS : 0x4202, UEFI mode enabled, UEFI Cookie : 0x75656669",https://jira-dc2-tools.qualcomm.com/jira/browse/DROIDBUG-15935194
DROIDBUG-15935225,2026-10-02T19:43:42.000-0700,Manisha Nakka,Rejected,DROIDBUG,Task,Snapdragon_Auto.HGY.4.1.6.0,"Snapdragon_Auto.HGY.4.1.6.0_PDT - [Snapdragon_Auto.HGY.4.1.6.0.r1-00242-STD.INT-1] - APPS Crash - Kernel panic - not syncing: sysrq triggered crash, UEFI mode enabled, UEFI Cookie : 0x75656669",https://jira-dc2-tools.qualcomm.com/jira/browse/DROIDBUG-15935225
DROIDBUG-15935267,2026-10-02T20:14:15.000-0700,Manisha Nakka,Closed,DROIDBUG,Task,Snapdragon_Auto.HGY.4.1.8.0.r2,Snapdragon_Auto.HGY.4.1.8.0.r2_PDT - [Snapdragon_Auto.HGY.4.1.8.0.r2-00038-STD.INT-1] - ProcessDump - [LINUX_PROCESS_CRASH] testfw_app,https://jira-dc2-tools.qualcomm.com/jira/browse/DROIDBUG-15935267
DROIDBUG-15935278,2026-10-02T20:25:23.000-0700,Manisha Nakka,Rejected,DROIDBUG,Task,Snapdragon_Auto.HGY.4.1.6.0,"Snapdragon_Auto.HGY.4.1.6.0_PDT - [Snapdragon_Auto.HGY.4.1.6.0.r1-00242-STD.INT-1] - APPS Crash - Kernel panic - not syncing: sysrq triggered crash, UEFI mode enabled, UEFI Cookie : 0x75656669",https://jira-dc2-tools.qualcomm.com/jira/browse/DROIDBUG-15935278
DROIDBUG-15935316,2026-10-02T21:06:49.000-0700,Manisha Nakka,Rejected,DROIDBUG,Task,Snapdragon_Auto.HGY.4.1.8.0.r2,Snapdragon_Auto.HGY.4.1.8.0.r2_PDT - [Snapdragon_Auto.HGY.4.1.8.0.r2-00038-STD.INT-1] - ProcessDump - [LINUX_PROCESS_CRASH] sysprofiler_app,https://jira-dc2-tools.qualcomm.com/jira/browse/DROIDBUG-15935316
DROIDBUG-15935317,2026-10-02T21:07:07.000-0700,Manisha Nakka,Rejected,DROIDBUG,Task,Snapdragon_Auto.HGY.4.1.8.0.r2,Snapdragon_Auto.HGY.4.1.8.0.r2_PDT - [Snapdragon_Auto.HGY.4.1.8.0.r2-00038-STD.INT-1] - ProcessDump - [LINUX_PROCESS_CRASH] sysprofiler_app,https://jira-dc2-tools.qualcomm.com/jira/browse/DROIDBUG-15935317
DROIDBUG-15935332,2026-10-02T21:23:57.000-0700,Manisha Nakka,Rejected,DROIDBUG,Task,Snapdragon_Auto.HGY.4.1.6.0,"Snapdragon_Auto.HGY.4.1.6.0_PDT - [Snapdragon_Auto.HGY.4.1.6.0.r1-00242-STD.INT-1] - APPS Crash - Kernel panic - not syncing: sysrq triggered crash, UEFI mode enabled, UEFI Cookie : 0x75656669",https://jira-dc2-tools.qualcomm.com/jira/browse/DROIDBUG-15935332
DROIDBUG-15935342,2026-10-02T21:37:02.000-0700,Manisha Nakka,Rejected,DROIDBUG,Task,Snapdragon_Auto.HGY.4.1.6.0,"Snapdragon_Auto.HGY.4.1.6.0_PDT - [Snapdragon_Auto.HGY.4.1.6.0.r1-00242-STD.INT-1] - APPS Crash - Kernel panic - not syncing: sysrq triggered crash, UEFI mode enabled, UEFI Cookie : 0x75656669",https://jira-dc2-tools.qualcomm.com/jira/browse/DROIDBUG-15935342
DROIDBUG-15935347,2026-10-02T21:42:00.000-0700,Manisha Nakka,S1_ANALYSIS,DROIDBUG,Task,Snapdragon_Auto.HGY.4.1.8.0.r2,"Snapdragon_Auto.HGY.4.1.8.0.r2_PDT - [Snapdragon_Auto.HGY.4.1.8.0.r2-00038-STD.INT-1] - APPS Crash - Kernel panic - not syncing: sysrq triggered crash, UEFI mode enabled, UEFI Cookie : 0x75656669",https://jira-dc2-tools.qualcomm.com/jira/browse/DROIDBUG-15935347
DROIDBUG-15935393,2026-10-02T22:11:09.000-0700,Manisha Nakka,Closed,DROIDBUG,Task,Snapdragon_Auto.HGY.4.1.8.0.r2,Snapdragon_Auto.HGY.4.1.8.0.r2_PDT - [Snapdragon_Auto.HGY.4.1.8.0.r2-00038-STD.INT-1] - ProcessDump - [LINUX_PROCESS_CRASH] eva_test,https://jira-dc2-tools.qualcomm.com/jira/browse/DROIDBUG-15935393
DROIDBUG-15935471,2026-10-02T23:13:43.000-0700,Manisha Nakka,Rejected,DROIDBUG,Task,Snapdragon_Auto.HGY.4.1.8.0.r2,Snapdragon_Auto.HGY.4.1.8.0.r2_PDT - [Snapdragon_Auto.HGY.4.1.8.0.r2-00038-STD.INT-1] - ProcessDump - [LINUX_PROCESS_CRASH] sysprofiler_app,https://jira-dc2-tools.qualcomm.com/jira/browse/DROIDBUG-15935471
DROIDBUG-15935472,2026-10-02T23:14:00.000-0700,Manisha Nakka,Rejected,DROIDBUG,Task,Snapdragon_Auto.HGY.4.1.8.0.r2,Snapdragon_Auto.HGY.4.1.8.0.r2_PDT - [Snapdragon_Auto.HGY.4.1.8.0.r2-00038-STD.INT-1] - ProcessDump - [LINUX_PROCESS_CRASH] sysprofiler_app,https://jira-dc2-tools.qualcomm.com/jira/browse/DROIDBUG-15935472
DROIDBUG-15935473,2026-10-02T23:14:36.000-0700,Manisha Nakka,S1_ANALYSIS,DROIDBUG,Task,Snapdragon_Auto.HGY.4.1.6.0,"Snapdragon_Auto.HGY.4.1.6.0_PDT - [Snapdragon_Auto.HGY.4.1.6.0.r1-00242-STD.INT-1] - GCC_RESET_STATUS : 0x4202, UEFI mode enabled, UEFI Cookie : 0x75656669",https://jira-dc2-tools.qualcomm.com/jira/browse/DROIDBUG-15935473
DROIDBUG-15935488,2026-10-02T23:29:01.000-0700,Manisha Nakka,Rejected,DROIDBUG,Task,Snapdragon_Auto.HGY.4.1.6.0,"Snapdragon_Auto.HGY.4.1.6.0_PDT - [Snapdragon_Auto.HGY.4.1.6.0.r1-00242-STD.INT-1] - APPS Crash - Kernel panic - not syncing: sysrq triggered crash, UEFI mode enabled, UEFI Cookie : 0x75656669",https://jira-dc2-tools.qualcomm.com/jira/browse/DROIDBUG-15935488
DROIDBUG-15935532,2026-10-03T00:14:13.000-0700,Manisha Nakka,Rejected,DROIDBUG,Task,Snapdragon_Auto.HGY.4.1.6.0,"Snapdragon_Auto.HGY.4.1.6.0_PDT - [Snapdragon_Auto.HGY.4.1.6.0.r1-00242-STD.INT-1] - APPS Crash - Kernel panic - not syncing: sysrq triggered crash, UEFI mode enabled, UEFI Cookie : 0x75656669",https://jira-dc2-tools.qualcomm.com/jira/browse/DROIDBUG-15935532
DROIDBUG-15935580,2026-10-03T01:12:48.000-0700,Manisha Nakka,S1_ANALYSIS,DROIDBUG,Task,Snapdragon_Auto.HGY.4.1.6.0,"Snapdragon_Auto.HGY.4.1.6.0_PDT - [Snapdragon_Auto.HGY.4.1.6.0.r1-00242-STD.INT-1] - GCC_RESET_STATUS : 0x4202, UEFI mode enabled, UEFI Cookie : 0x75656669",https://jira-dc2-tools.qualcomm.com/jira/browse/DROIDBUG-15935580
DROIDBUG-15935588,2026-10-03T01:21:13.000-0700,Manisha Nakka,Rejected,DROIDBUG,Task,Snapdragon_Auto.HGY.4.1.6.0,"Snapdragon_Auto.HGY.4.1.6.0_PDT - [Snapdragon_Auto.HGY.4.1.6.0.r1-00242-STD.INT-1] - APPS Crash - Kernel panic - not syncing: sysrq triggered crash, UEFI mode enabled, UEFI Cookie : 0x75656669",https://jira-dc2-tools.qualcomm.com/jira/browse/DROIDBUG-15935588
DROIDBUG-15935599,2026-10-03T01:25:11.000-0700,Manisha Nakka,Rejected,DROIDBUG,Task,Snapdragon_Auto.HGY.4.1.8.0.r2,Snapdragon_Auto.HGY.4.1.8.0.r2_PDT - [Snapdragon_Auto.HGY.4.1.8.0.r2-00038-STD.INT-1] - ProcessDump - [LINUX_PROCESS_CRASH] sysprofiler_app,https://jira-dc2-tools.qualcomm.com/jira/browse/DROIDBUG-15935599
DROIDBUG-15935601,2026-10-03T01:25:26.000-0700,Manisha Nakka,Rejected,DROIDBUG,Task,Snapdragon_Auto.HGY.4.1.8.0.r2,Snapdragon_Auto.HGY.4.1.8.0.r2_PDT - [Snapdragon_Auto.HGY.4.1.8.0.r2-00038-STD.INT-1] - ProcessDump - [LINUX_PROCESS_CRASH] sysprofiler_app,https://jira-dc2-tools.qualcomm.com/jira/browse/DROIDBUG-15935601
DROIDBUG-15935602,2026-10-03T01:26:11.000-0700,Manisha Nakka,Rejected,DROIDBUG,Task,Snapdragon_Auto.HGY.4.1.8.0.r2,Snapdragon_Auto.HGY.4.1.8.0.r2_PDT - [Snapdragon_Auto.HGY.4.1.8.0.r2-00038-STD.INT-1] - ProcessDump - [LINUX_PROCESS_CRASH] sysprofiler_app,https://jira-dc2-tools.qualcomm.com/jira/browse/DROIDBUG-15935602
DROIDBUG-15935673,2026-10-03T02:22:06.000-0700,Manisha Nakka,Rejected,DROIDBUG,Task,Snapdragon_Auto.HGY.4.1.6.0,"Snapdragon_Auto.HGY.4.1.6.0_PDT - [Snapdragon_Auto.HGY.4.1.6.0.r1-00242-STD.INT-1] - APPS Crash - Kernel panic - not syncing: sysrq triggered crash, UEFI mode enabled, UEFI Cookie : 0x75656669",https://jira-dc2-tools.qualcomm.com/jira/browse/DROIDBUG-15935673
DROIDBUG-15935744,2026-10-03T03:14:03.000-0700,Manisha Nakka,Rejected,DROIDBUG,Task,Snapdragon_Auto.HGY.4.1.6.0,"Snapdragon_Auto.HGY.4.1.6.0_PDT - [Snapdragon_Auto.HGY.4.1.6.0.r1-00242-STD.INT-1] - APPS Crash - Kernel panic - not syncing: sysrq triggered crash, UEFI mode enabled, UEFI Cookie : 0x75656669",https://jira-dc2-tools.qualcomm.com/jira/browse/DROIDBUG-15935744
DROIDBUG-15935755,2026-10-03T03:19:40.000-0700,Manisha Nakka,S1_ANALYSIS,DROIDBUG,Task,Snapdragon_Auto.HGY.4.1.6.0,"Snapdragon_Auto.HGY.4.1.6.0_PDT - [Snapdragon_Auto.HGY.4.1.6.0.r1-00242-STD.INT-1] - GCC_RESET_STATUS : 0x4202, UEFI mode enabled, UEFI Cookie : 0x75656669",https://jira-dc2-tools.qualcomm.com/jira/browse/DROIDBUG-15935755
DROIDBUG-15935777,2026-10-03T03:33:45.000-0700,Manisha Nakka,Rejected,DROIDBUG,Task,Snapdragon_Auto.HGY.4.1.8.0.r2,Snapdragon_Auto.HGY.4.1.8.0.r2_PDT - [Snapdragon_Auto.HGY.4.1.8.0.r2-00038-STD.INT-1] - ProcessDump - [LINUX_PROCESS_CRASH] sysprofiler_app,https://jira-dc2-tools.qualcomm.com/jira/browse/DROIDBUG-15935777
DROIDBUG-15935778,2026-10-03T03:34:17.000-0700,Manisha Nakka,Rejected,DROIDBUG,Task,Snapdragon_Auto.HGY.4.1.8.0.r2,Snapdragon_Auto.HGY.4.1.8.0.r2_PDT - [Snapdragon_Auto.HGY.4.1.8.0.r2-00038-STD.INT-1] - ProcessDump - [LINUX_PROCESS_CRASH] sysprofiler_app,https://jira-dc2-tools.qualcomm.com/jira/browse/DROIDBUG-15935778
DROIDBUG-15935797,2026-10-03T03:47:31.000-0700,Manisha Nakka,Closed,DROIDBUG,Task,Snapdragon_Auto.HGY.4.1.8.0.r2,Snapdragon_Auto.HGY.4.1.8.0.r2_PDT - [Snapdragon_Auto.HGY.4.1.8.0.r2-00038-STD.INT-1] - ProcessDump - [LINUX_PROCESS_CRASH] testfw_app,https://jira-dc2-tools.qualcomm.com/jira/browse/DROIDBUG-15935797
DROIDBUG-15935821,2026-10-03T04:18:31.000-0700,Manisha Nakka,Rejected,DROIDBUG,Task,Snapdragon_Auto.HGY.4.1.6.0,"Snapdragon_Auto.HGY.4.1.6.0_PDT - [Snapdragon_Auto.HGY.4.1.6.0.r1-00242-STD.INT-1] - APPS Crash - Kernel panic - not syncing: sysrq triggered crash, UEFI mode enabled, UEFI Cookie : 0x75656669",https://jira-dc2-tools.qualcomm.com/jira/browse/DROIDBUG-15935821
DROIDBUG-15935914,2026-10-03T05:07:08.000-0700,Manisha Nakka,Rejected,DROIDBUG,Task,Snapdragon_Auto.HGY.4.1.6.0,"Snapdragon_Auto.HGY.4.1.6.0_PDT - [Snapdragon_Auto.HGY.4.1.6.0.r1-00242-STD.INT-1] - APPS Crash - Kernel panic - not syncing: sysrq triggered crash, UEFI mode enabled, UEFI Cookie : 0x75656669",https://jira-dc2-tools.qualcomm.com/jira/browse/DROIDBUG-15935914
DROIDBUG-15935928,2026-10-03T05:17:27.000-0700,Manisha Nakka,S1_ANALYSIS,DROIDBUG,Task,Snapdragon_Auto.HGY.4.1.6.0,"Snapdragon_Auto.HGY.4.1.6.0_PDT - [Snapdragon_Auto.HGY.4.1.6.0.r1-00242-STD.INT-1] - GCC_RESET_STATUS : 0x4202, UEFI mode enabled, UEFI Cookie : 0x75656669",https://jira-dc2-tools.qualcomm.com/jira/browse/DROIDBUG-15935928
DROIDBUG-15935956,2026-10-03T05:41:33.000-0700,Manisha Nakka,Rejected,DROIDBUG,Task,Snapdragon_Auto.HGY.4.1.8.0.r2,Snapdragon_Auto.HGY.4.1.8.0.r2_PDT - [Snapdragon_Auto.HGY.4.1.8.0.r2-00038-STD.INT-1] - ProcessDump - [LINUX_PROCESS_CRASH] sysprofiler_app,https://jira-dc2-tools.qualcomm.com/jira/browse/DROIDBUG-15935956
DROIDBUG-15935957,2026-10-03T05:41:50.000-0700,Manisha Nakka,Rejected,DROIDBUG,Task,Snapdragon_Auto.HGY.4.1.8.0.r2,Snapdragon_Auto.HGY.4.1.8.0.r2_PDT - [Snapdragon_Auto.HGY.4.1.8.0.r2-00038-STD.INT-1] - ProcessDump - [LINUX_PROCESS_CRASH] sysprofiler_app,https://jira-dc2-tools.qualcomm.com/jira/browse/DROIDBUG-15935957
DROIDBUG-15935984,2026-10-03T06:05:20.000-0700,Manisha Nakka,S1_ANALYSIS,DROIDBUG,Task,Snapdragon_Auto.HGY.4.1.6.0,"Snapdragon_Auto.HGY.4.1.6.0_PDT - [Snapdragon_Auto.HGY.4.1.6.0.r1-00242-STD.INT-1] - GCC_RESET_STATUS : 0x4202, UEFI mode enabled, UEFI Cookie : 0x75656669",https://jira-dc2-tools.qualcomm.com/jira/browse/DROIDBUG-15935984
DROIDBUG-15936009,2026-10-03T06:38:29.000-0700,Manisha Nakka,Closed,DROIDBUG,Task,Snapdragon_Auto.HGY.4.1.8.0.r2,Snapdragon_Auto.HGY.4.1.8.0.r2_PDT - [Snapdragon_Auto.HGY.4.1.8.0.r2-00038-STD.INT-1] - ProcessDump - [LINUX_PROCESS_CRASH] testfw_app,https://jira-dc2-tools.qualcomm.com/jira/browse/DROIDBUG-15936009
DROIDBUG-15936027,2026-10-03T06:53:04.000-0700,Manisha Nakka,S1_ANALYSIS,DROIDBUG,Task,Snapdragon_Auto.HGY.4.1.6.0,"Snapdragon_Auto.HGY.4.1.6.0_PDT - [Snapdragon_Auto.HGY.4.1.6.0.r1-00242-STD.INT-1] - GCC_RESET_STATUS : 0x4202, UEFI mode enabled, UEFI Cookie : 0x75656669",https://jira-dc2-tools.qualcomm.com/jira/browse/DROIDBUG-15936027
DROIDBUG-15936037,2026-10-03T07:00:11.000-0700,Manisha Nakka,Rejected,DROIDBUG,Task,Snapdragon_Auto.HGY.4.1.6.0,"Snapdragon_Auto.HGY.4.1.6.0_PDT - [Snapdragon_Auto.HGY.4.1.6.0.r1-00242-STD.INT-1] - APPS Crash - Kernel panic - not syncing: sysrq triggered crash, UEFI mode enabled, UEFI Cookie : 0x75656669",https://jira-dc2-tools.qualcomm.com/jira/browse/DROIDBUG-15936037
DROIDBUG-15936048,2026-10-03T07:08:11.000-0700,Manisha Nakka,S1_ANALYSIS,DROIDBUG,Task,Snapdragon_Auto.HGY.4.1.8.0.r2,"Snapdragon_Auto.HGY.4.1.8.0.r2_PDT - [Snapdragon_Auto.HGY.4.1.8.0.r2-00038-STD.INT-1] - APPS Crash - Kernel panic - not syncing: watchdog pretimeout event, UEFI mode enabled, UEFI Cookie : 0x75656669",https://jira-dc2-tools.qualcomm.com/jira/browse/DROIDBUG-15936048
DROIDBUG-15936113,2026-10-03T07:35:37.000-0700,Manisha Nakka,Rejected,DROIDBUG,Task,Snapdragon_Auto.HGY.4.1.8.0.r2,Snapdragon_Auto.HGY.4.1.8.0.r2_PDT - [Snapdragon_Auto.HGY.4.1.8.0.r2-00038-STD.INT-1] - ProcessDump - [LINUX_PROCESS_CRASH] sysprofiler_app,https://jira-dc2-tools.qualcomm.com/jira/browse/DROIDBUG-15936113
DROIDBUG-15936115,2026-10-03T07:35:53.000-0700,Manisha Nakka,Rejected,DROIDBUG,Task,Snapdragon_Auto.HGY.4.1.8.0.r2,Snapdragon_Auto.HGY.4.1.8.0.r2_PDT - [Snapdragon_Auto.HGY.4.1.8.0.r2-00038-STD.INT-1] - ProcessDump - [LINUX_PROCESS_CRASH] sysprofiler_app,https://jira-dc2-tools.qualcomm.com/jira/browse/DROIDBUG-15936115
DROIDBUG-15936116,2026-10-03T07:35:54.000-0700,Manisha Nakka,Rejected,DROIDBUG,Task,Snapdragon_Auto.HGY.4.1.8.0.r2,Snapdragon_Auto.HGY.4.1.8.0.r2_PDT - [Snapdragon_Auto.HGY.4.1.8.0.r2-00038-STD.INT-1] - ProcessDump - [LINUX_PROCESS_CRASH] sysprofiler_app,https://jira-dc2-tools.qualcomm.com/jira/browse/DROIDBUG-15936116
DROIDBUG-15936117,2026-10-03T07:36:00.000-0700,Manisha Nakka,Rejected,DROIDBUG,Task,Snapdragon_Auto.HGY.4.1.8.0.r2,Snapdragon_Auto.HGY.4.1.8.0.r2_PDT - [Snapdragon_Auto.HGY.4.1.8.0.r2-00038-STD.INT-1] - ProcessDump - [LINUX_PROCESS_CRASH] sysprofiler_app,https://jira-dc2-tools.qualcomm.com/jira/browse/DROIDBUG-15936117
DROIDBUG-15936118,2026-10-03T07:36:03.000-0700,Manisha Nakka,Rejected,DROIDBUG,Task,Snapdragon_Auto.HGY.4.1.8.0.r2,Snapdragon_Auto.HGY.4.1.8.0.r2_PDT - [Snapdragon_Auto.HGY.4.1.8.0.r2-00038-STD.INT-1] - ProcessDump - [LINUX_PROCESS_CRASH] sysprofiler_app,https://jira-dc2-tools.qualcomm.com/jira/browse/DROIDBUG-15936118
DROIDBUG-15936119,2026-10-03T07:36:09.000-0700,Manisha Nakka,Rejected,DROIDBUG,Task,Snapdragon_Auto.HGY.4.1.8.0.r2,Snapdragon_Auto.HGY.4.1.8.0.r2_PDT - [Snapdragon_Auto.HGY.4.1.8.0.r2-00038-STD.INT-1] - ProcessDump - [LINUX_PROCESS_CRASH] sysprofiler_app,https://jira-dc2-tools.qualcomm.com/jira/browse/DROIDBUG-15936119
DROIDBUG-15936120,2026-10-03T07:36:13.000-0700,Manisha Nakka,Rejected,DROIDBUG,Task,Snapdragon_Auto.HGY.4.1.8.0.r2,Snapdragon_Auto.HGY.4.1.8.0.r2_PDT - [Snapdragon_Auto.HGY.4.1.8.0.r2-00038-STD.INT-1] - ProcessDump - [LINUX_PROCESS_CRASH] sysprofiler_app,https://jira-dc2-tools.qualcomm.com/jira/browse/DROIDBUG-15936120
DROIDBUG-15936121,2026-10-03T07:36:13.000-0700,Manisha Nakka,Closed,DROIDBUG,Task,Snapdragon_Auto.HGY.4.1.8.0.r2,Snapdragon_Auto.HGY.4.1.8.0.r2_PDT - [Snapdragon_Auto.HGY.4.1.8.0.r2-00038-STD.INT-1] - Undetermined crash root cause,https://jira-dc2-tools.qualcomm.com/jira/browse/DROIDBUG-15936121
DROIDBUG-15936122,2026-10-03T07:36:14.000-0700,Manisha Nakka,Rejected,DROIDBUG,Task,Snapdragon_Auto.HGY.4.1.8.0.r2,Snapdragon_Auto.HGY.4.1.8.0.r2_PDT - [Snapdragon_Auto.HGY.4.1.8.0.r2-00038-STD.INT-1] - ProcessDump - [LINUX_PROCESS_CRASH] sysprofiler_app,https://jira-dc2-tools.qualcomm.com/jira/browse/DROIDBUG-15936122
DROIDBUG-15936123,2026-10-03T07:36:14.000-0700,Manisha Nakka,Closed,DROIDBUG,Task,Snapdragon_Auto.HGY.4.1.8.0.r2,Snapdragon_Auto.HGY.4.1.8.0.r2_PDT - [Snapdragon_Auto.HGY.4.1.8.0.r2-00038-STD.INT-1] - Error on remote processor. Could be APPs Crash,https://jira-dc2-tools.qualcomm.com/jira/browse/DROIDBUG-15936123
DROIDBUG-15936124,2026-10-03T07:36:18.000-0700,Manisha Nakka,Closed,DROIDBUG,Task,Snapdragon_Auto.HGY.4.1.8.0.r2,Snapdragon_Auto.HGY.4.1.8.0.r2_PDT - [Snapdragon_Auto.HGY.4.1.8.0.r2-00038-STD.INT-1] - Error on remote processor. Could be APPs Crash,https://jira-dc2-tools.qualcomm.com/jira/browse/DROIDBUG-15936124
DROIDBUG-15936125,2026-10-03T07:36:21.000-0700,Manisha Nakka,Closed,DROIDBUG,Task,Snapdragon_Auto.HGY.4.1.8.0.r2,Snapdragon_Auto.HGY.4.1.8.0.r2_PDT - [Snapdragon_Auto.HGY.4.1.8.0.r2-00038-STD.INT-1] - Error on remote processor. Could be APPs Crash,https://jira-dc2-tools.qualcomm.com/jira/browse/DROIDBUG-15936125
DROIDBUG-15936126,2026-10-03T07:36:35.000-0700,Manisha Nakka,Closed,DROIDBUG,Task,Snapdragon_Auto.HGY.4.1.8.0.r2,Snapdragon_Auto.HGY.4.1.8.0.r2_PDT - [Snapdragon_Auto.HGY.4.1.8.0.r2-00038-STD.INT-1] - Error on remote processor. Could be APPs Crash,https://jira-dc2-tools.qualcomm.com/jira/browse/DROIDBUG-15936126
DROIDBUG-15936127,2026-10-03T07:36:37.000-0700,Manisha Nakka,Rejected,DROIDBUG,Task,Snapdragon_Auto.HGY.4.1.8.0.r2,Snapdragon_Auto.HGY.4.1.8.0.r2_PDT - [Snapdragon_Auto.HGY.4.1.8.0.r2-00038-STD.INT-1] - Undetermined crash root cause,https://jira-dc2-tools.qualcomm.com/jira/browse/DROIDBUG-15936127
DROIDBUG-15936128,2026-10-03T07:36:53.000-0700,Manisha Nakka,Closed,DROIDBUG,Task,Snapdragon_Auto.HGY.4.1.8.0.r2,Snapdragon_Auto.HGY.4.1.8.0.r2_PDT - [Snapdragon_Auto.HGY.4.1.8.0.r2-00038-STD.INT-1] - Undetermined crash root cause,https://jira-dc2-tools.qualcomm.com/jira/browse/DROIDBUG-15936128
DROIDBUG-15936161,2026-10-03T08:02:32.000-0700,Manisha Nakka,Rejected,DROIDBUG,Task,Snapdragon_Auto.HGY.4.1.6.0,"Snapdragon_Auto.HGY.4.1.6.0_PDT - [Snapdragon_Auto.HGY.4.1.6.0.r1-00242-STD.INT-1] - APPS Crash - Kernel panic - not syncing: sysrq triggered crash, UEFI mode enabled, UEFI Cookie : 0x75656669",https://jira-dc2-tools.qualcomm.com/jira/browse/DROIDBUG-15936161
DROIDBUG-15936232,2026-10-03T08:52:18.000-0700,Manisha Nakka,Rejected,DROIDBUG,Task,Snapdragon_Auto.HGY.4.1.6.0,"Snapdragon_Auto.HGY.4.1.6.0_PDT - [Snapdragon_Auto.HGY.4.1.6.0.r1-00242-STD.INT-1] - APPS Crash - Kernel panic - not syncing: sysrq triggered crash, UEFI mode enabled, UEFI Cookie : 0x75656669",https://jira-dc2-tools.qualcomm.com/jira/browse/DROIDBUG-15936232
DROIDBUG-15936239,2026-10-03T08:59:41.000-0700,Manisha Nakka,S1_ANALYSIS,DROIDBUG,Task,Snapdragon_Auto.HGY.4.1.6.0,"Snapdragon_Auto.HGY.4.1.6.0_PDT - [Snapdragon_Auto.HGY.4.1.6.0.r1-00242-STD.INT-1] - GCC_RESET_STATUS : 0x4202, UEFI mode enabled, UEFI Cookie : 0x75656669",https://jira-dc2-tools.qualcomm.com/jira/browse/DROIDBUG-15936239
DROIDBUG-15936266,2026-10-03T09:23:19.000-0700,Manisha Nakka,Rejected,DROIDBUG,Task,Snapdragon_Auto.HGY.4.1.8.0.r2,Snapdragon_Auto.HGY.4.1.8.0.r2_PDT - [Snapdragon_Auto.HGY.4.1.8.0.r2-00038-STD.INT-1] - ProcessDump - [LINUX_PROCESS_CRASH] sysprofiler_app,https://jira-dc2-tools.qualcomm.com/jira/browse/DROIDBUG-15936266
DROIDBUG-15936267,2026-10-03T09:23:21.000-0700,Manisha Nakka,Rejected,DROIDBUG,Task,Snapdragon_Auto.HGY.4.1.8.0.r2,Snapdragon_Auto.HGY.4.1.8.0.r2_PDT - [Snapdragon_Auto.HGY.4.1.8.0.r2-00038-STD.INT-1] - ProcessDump - [LINUX_PROCESS_CRASH] sysprofiler_app,https://jira-dc2-tools.qualcomm.com/jira/browse/DROIDBUG-15936267
DROIDBUG-15936268,2026-10-03T09:23:27.000-0700,Manisha Nakka,Rejected,DROIDBUG,Task,Snapdragon_Auto.HGY.4.1.8.0.r2,Snapdragon_Auto.HGY.4.1.8.0.r2_PDT - [Snapdragon_Auto.HGY.4.1.8.0.r2-00038-STD.INT-1] - ProcessDump - [LINUX_PROCESS_CRASH] sysprofiler_app,https://jira-dc2-tools.qualcomm.com/jira/browse/DROIDBUG-15936268
DROIDBUG-15936269,2026-10-03T09:23:28.000-0700,Manisha Nakka,Closed,DROIDBUG,Task,Snapdragon_Auto.HGY.4.1.8.0.r2,Snapdragon_Auto.HGY.4.1.8.0.r2_PDT - [Snapdragon_Auto.HGY.4.1.8.0.r2-00038-STD.INT-1] - Error on remote processor. Could be APPs Crash,https://jira-dc2-tools.qualcomm.com/jira/browse/DROIDBUG-15936269
DROIDBUG-15936270,2026-10-03T09:23:34.000-0700,Manisha Nakka,Rejected,DROIDBUG,Task,Snapdragon_Auto.HGY.4.1.8.0.r2,Snapdragon_Auto.HGY.4.1.8.0.r2_PDT - [Snapdragon_Auto.HGY.4.1.8.0.r2-00038-STD.INT-1] - ProcessDump - [LINUX_PROCESS_CRASH] sysprofiler_app,https://jira-dc2-tools.qualcomm.com/jira/browse/DROIDBUG-15936270
DROIDBUG-15936271,2026-10-03T09:23:40.000-0700,Manisha Nakka,Closed,DROIDBUG,Task,Snapdragon_Auto.HGY.4.1.8.0.r2,Snapdragon_Auto.HGY.4.1.8.0.r2_PDT - [Snapdragon_Auto.HGY.4.1.8.0.r2-00038-STD.INT-1] - Error on remote processor. Could be APPs Crash,https://jira-dc2-tools.qualcomm.com/jira/browse/DROIDBUG-15936271
DROIDBUG-15936273,2026-10-03T09:24:09.000-0700,Manisha Nakka,Closed,DROIDBUG,Task,Snapdragon_Auto.HGY.4.1.8.0.r2,Snapdragon_Auto.HGY.4.1.8.0.r2_PDT - [Snapdragon_Auto.HGY.4.1.8.0.r2-00038-STD.INT-1] - Undetermined crash root cause,https://jira-dc2-tools.qualcomm.com/jira/browse/DROIDBUG-15936273
DROIDBUG-15936318,2026-10-03T09:48:06.000-0700,Manisha Nakka,S1_ANALYSIS,DROIDBUG,Task,Snapdragon_Auto.HGY.4.1.6.0,"Snapdragon_Auto.HGY.4.1.6.0_PDT - [Snapdragon_Auto.HGY.4.1.6.0.r1-00242-STD.INT-1] - GCC_RESET_STATUS : 0x4202, UEFI mode enabled, UEFI Cookie : 0x75656669",https://jira-dc2-tools.qualcomm.com/jira/browse/DROIDBUG-15936318
DROIDBUG-15936325,2026-10-03T09:53:31.000-0700,Manisha Nakka,Closed,DROIDBUG,Task,Snapdragon_Auto.HGY.4.1.8.0.r2,Snapdragon_Auto.HGY.4.1.8.0.r2_PDT - [Snapdragon_Auto.HGY.4.1.8.0.r2-00038-STD.INT-1] - ProcessDump - [LINUX_PROCESS_CRASH] testfw_app,https://jira-dc2-tools.qualcomm.com/jira/browse/DROIDBUG-15936325
DROIDBUG-15936399,2026-10-03T10:46:09.000-0700,Manisha Nakka,Rejected,DROIDBUG,Task,Snapdragon_Auto.HGY.4.1.6.0,"Snapdragon_Auto.HGY.4.1.6.0_PDT - [Snapdragon_Auto.HGY.4.1.6.0.r1-00242-STD.INT-1] - APPS Crash - Kernel panic - not syncing: sysrq triggered crash, UEFI mode enabled, UEFI Cookie : 0x75656669",https://jira-dc2-tools.qualcomm.com/jira/browse/DROIDBUG-15936399
DROIDBUG-15936417,2026-10-03T10:58:01.000-0700,Manisha Nakka,Rejected,DROIDBUG,Task,Snapdragon_Auto.HGY.4.1.6.0,"Snapdragon_Auto.HGY.4.1.6.0_PDT - [Snapdragon_Auto.HGY.4.1.6.0.r1-00242-STD.INT-1] - APPS Crash - Kernel panic - not syncing: sysrq triggered crash, UEFI mode enabled, UEFI Cookie : 0x75656669",https://jira-dc2-tools.qualcomm.com/jira/browse/DROIDBUG-15936417
DROIDBUG-15936427,2026-10-03T11:08:09.000-0700,Manisha Nakka,Closed,DROIDBUG,Task,Snapdragon_Auto.HGY.4.1.8.0.r2,Snapdragon_Auto.HGY.4.1.8.0.r2_PDT - [Snapdragon_Auto.HGY.4.1.8.0.r2-00038-STD.INT-1] - ProcessDump - [LINUX_PROCESS_CRASH] videoCore,https://jira-dc2-tools.qualcomm.com/jira/browse/DROIDBUG-15936427
DROIDBUG-15936500,2026-10-03T12:03:10.000-0700,Manisha Nakka,S1_ANALYSIS,DROIDBUG,Task,Snapdragon_Auto.HGY.4.1.8.0.r2,"Snapdragon_Auto.HGY.4.1.8.0.r2_PDT - [Snapdragon_Auto.HGY.4.1.8.0.r2-00038-STD.INT-1] - APPS Crash - Kernel panic - not syncing: sysrq triggered crash, UEFI mode enabled, UEFI Cookie : 0x75656669",https://jira-dc2-tools.qualcomm.com/jira/browse/DROIDBUG-15936500
DROIDBUG-15936505,2026-10-03T12:04:17.000-0700,Manisha Nakka,S1_ANALYSIS,DROIDBUG,Task,Snapdragon_Auto.HGY.4.1.6.0,"Snapdragon_Auto.HGY.4.1.6.0_PDT - [Snapdragon_Auto.HGY.4.1.6.0.r1-00242-STD.INT-1] - GCC_RESET_STATUS : 0x4202, UEFI mode enabled, UEFI Cookie : 0x75656669",https://jira-dc2-tools.qualcomm.com/jira/browse/DROIDBUG-15936505
DROIDBUG-15936550,2026-10-03T12:38:51.000-0700,Manisha Nakka,Rejected,DROIDBUG,Task,Snapdragon_Auto.HGY.4.1.6.0,"Snapdragon_Auto.HGY.4.1.6.0_PDT - [Snapdragon_Auto.HGY.4.1.6.0.r1-00242-STD.INT-1] - APPS Crash - Kernel panic - not syncing: sysrq triggered crash, UEFI mode enabled, UEFI Cookie : 0x75656669",https://jira-dc2-tools.qualcomm.com/jira/browse/DROIDBUG-15936550
DROIDBUG-15936565,2026-10-03T12:55:25.000-0700,Manisha Nakka,S1_ANALYSIS,DROIDBUG,Task,Snapdragon_Auto.HGY.4.1.6.0,"Snapdragon_Auto.HGY.4.1.6.0_PDT - [Snapdragon_Auto.HGY.4.1.6.0.r1-00242-STD.INT-1] - GCC_RESET_STATUS : 0x4202, UEFI mode enabled, UEFI Cookie : 0x75656669",https://jira-dc2-tools.qualcomm.com/jira/browse/DROIDBUG-15936565
DROIDBUG-15936604,2026-10-03T13:55:44.000-0700,Manisha Nakka,S1_ANALYSIS,DROIDBUG,Task,Snapdragon_Auto.HGY.4.1.8.0.r2,"Snapdragon_Auto.HGY.4.1.8.0.r2_PDT - [Snapdragon_Auto.HGY.4.1.8.0.r2-00038-STD.INT-1] - APPS Crash - Kernel panic - not syncing: sysrq triggered crash, UEFI mode enabled, UEFI Cookie : 0x75656669",https://jira-dc2-tools.qualcomm.com/jira/browse/DROIDBUG-15936604
DROIDBUG-15936607,2026-10-03T14:00:05.000-0700,Manisha Nakka,Rejected,DROIDBUG,Task,Snapdragon_Auto.HGY.4.1.6.0,"Snapdragon_Auto.HGY.4.1.6.0_PDT - [Snapdragon_Auto.HGY.4.1.6.0.r1-00242-STD.INT-1] - APPS Crash - Kernel panic - not syncing: sysrq triggered crash, UEFI mode enabled, UEFI Cookie : 0x75656669",https://jira-dc2-tools.qualcomm.com/jira/browse/DROIDBUG-15936607
DROIDBUG-15936640,2026-10-03T14:31:43.000-0700,Manisha Nakka,Rejected,DROIDBUG,Task,Snapdragon_Auto.HGY.4.1.6.0,"Snapdragon_Auto.HGY.4.1.6.0_PDT - [Snapdragon_Auto.HGY.4.1.6.0.r1-00242-STD.INT-1] - APPS Crash - Kernel panic - not syncing: sysrq triggered crash, UEFI mode enabled, UEFI Cookie : 0x75656669",https://jira-dc2-tools.qualcomm.com/jira/browse/DROIDBUG-15936640
DROIDBUG-15936662,2026-10-03T14:48:58.000-0700,Manisha Nakka,S1_ANALYSIS,DROIDBUG,Task,Snapdragon_Auto.HGY.4.1.8.0.r2,"Snapdragon_Auto.HGY.4.1.8.0.r2_PDT - [Snapdragon_Auto.HGY.4.1.8.0.r2-00038-STD.INT-1] - APPS Crash - Kernel panic - not syncing: sysrq triggered crash, UEFI mode enabled, UEFI Cookie : 0x75656669",https://jira-dc2-tools.qualcomm.com/jira/browse/DROIDBUG-15936662
DROIDBUG-15936704,2026-10-03T15:09:27.000-0700,Manisha Nakka,Rejected,DROIDBUG,Task,Snapdragon_Auto.HGY.4.1.6.0,"Snapdragon_Auto.HGY.4.1.6.0_PDT - [Snapdragon_Auto.HGY.4.1.6.0.r1-00242-STD.INT-1] - APPS Crash - Kernel panic - not syncing: sysrq triggered crash, UEFI mode enabled, UEFI Cookie : 0x75656669",https://jira-dc2-tools.qualcomm.com/jira/browse/DROIDBUG-15936704
DROIDBUG-15936796,2026-10-03T15:40:01.000-0700,Manisha Nakka,Closed,DROIDBUG,Task,Snapdragon_Auto.HGY.4.1.8.0.r2,Snapdragon_Auto.HGY.4.1.8.0.r2_PDT - [Snapdragon_Auto.HGY.4.1.8.0.r2-00038-STD.INT-1] - ProcessDump - [LINUX_PROCESS_CRASH] eva_test,https://jira-dc2-tools.qualcomm.com/jira/browse/DROIDBUG-15936796
DROIDBUG-15936812,2026-10-03T15:56:59.000-0700,Manisha Nakka,S1_ANALYSIS,DROIDBUG,Task,Snapdragon_Auto.HGY.4.1.6.0,"Snapdragon_Auto.HGY.4.1.6.0_PDT - [Snapdragon_Auto.HGY.4.1.6.0.r1-00242-STD.INT-1] - GCC_RESET_STATUS : 0x4202, UEFI mode enabled, UEFI Cookie : 0x75656669",https://jira-dc2-tools.qualcomm.com/jira/browse/DROIDBUG-15936812
DROIDBUG-15936828,2026-10-03T16:25:03.000-0700,Manisha Nakka,Rejected,DROIDBUG,Task,Snapdragon_Auto.HGY.4.1.6.0,"Snapdragon_Auto.HGY.4.1.6.0_PDT - [Snapdragon_Auto.HGY.4.1.6.0.r1-00242-STD.INT-1] - APPS Crash - Kernel panic - not syncing: sysrq triggered crash, UEFI mode enabled, UEFI Cookie : 0x75656669",https://jira-dc2-tools.qualcomm.com/jira/browse/DROIDBUG-15936828
DROIDBUG-15936840,2026-10-03T16:33:51.000-0700,Manisha Nakka,S1_ANALYSIS,DROIDBUG,Task,Snapdragon_Auto.HGY.4.1.8.0.r2,"Snapdragon_Auto.HGY.4.1.8.0.r2_PDT - [Snapdragon_Auto.HGY.4.1.8.0.r2-00038-STD.INT-1] - APPS Crash - Kernel panic - not syncing: sysrq triggered crash, UEFI mode enabled, UEFI Cookie : 0x75656669",https://jira-dc2-tools.qualcomm.com/jira/browse/DROIDBUG-15936840
DROIDBUG-15936864,2026-10-03T16:56:10.000-0700,Manisha Nakka,Rejected,DROIDBUG,Task,Snapdragon_Auto.HGY.4.1.6.0,"Snapdragon_Auto.HGY.4.1.6.0_PDT - [Snapdragon_Auto.HGY.4.1.6.0.r1-00242-STD.INT-1] - APPS Crash - Kernel panic - not syncing: sysrq triggered crash, UEFI mode enabled, UEFI Cookie : 0x75656669",https://jira-dc2-tools.qualcomm.com/jira/browse/DROIDBUG-15936864
DROIDBUG-15936914,2026-10-03T17:43:18.000-0700,Manisha Nakka,S1_ANALYSIS,DROIDBUG,Task,Snapdragon_Auto.HGY.4.1.6.0,"Snapdragon_Auto.HGY.4.1.6.0_PDT - [Snapdragon_Auto.HGY.4.1.6.0.r1-00242-STD.INT-1] - GCC_RESET_STATUS : 0x4202, UEFI mode enabled, UEFI Cookie : 0x75656669",https://jira-dc2-tools.qualcomm.com/jira/browse/DROIDBUG-15936914
DROIDBUG-15936953,2026-10-03T18:17:44.000-0700,Manisha Nakka,Rejected,DROIDBUG,Task,Snapdragon_Auto.HGY.4.1.6.0,"Snapdragon_Auto.HGY.4.1.6.0_PDT - [Snapdragon_Auto.HGY.4.1.6.0.r1-00242-STD.INT-1] - APPS Crash - Kernel panic - not syncing: sysrq triggered crash, UEFI mode enabled, UEFI Cookie : 0x75656669",https://jira-dc2-tools.qualcomm.com/jira/browse/DROIDBUG-15936953
DROIDBUG-15936966,2026-10-03T18:30:42.000-0700,Manisha Nakka,S1_ANALYSIS,DROIDBUG,Task,Snapdragon_Auto.HGY.4.1.6.0,"Snapdragon_Auto.HGY.4.1.6.0_PDT - [Snapdragon_Auto.HGY.4.1.6.0.r1-00242-STD.INT-1] - GCC_RESET_STATUS : 0x4202, UEFI mode enabled, UEFI Cookie : 0x75656669",https://jira-dc2-tools.qualcomm.com/jira/browse/DROIDBUG-15936966
DROIDBUG-15937044,2026-10-03T19:18:26.000-0700,Manisha Nakka,S1_ANALYSIS,DROIDBUG,Task,Snapdragon_Auto.HGY.4.1.6.0,"Snapdragon_Auto.HGY.4.1.6.0_PDT - [Snapdragon_Auto.HGY.4.1.6.0.r1-00242-STD.INT-1] - GCC_RESET_STATUS : 0x4202, UEFI mode enabled, UEFI Cookie : 0x75656669",https://jira-dc2-tools.qualcomm.com/jira/browse/DROIDBUG-15937044
DROIDBUG-15937086,2026-10-03T19:51:22.000-0700,Manisha Nakka,S1_ANALYSIS,DROIDBUG,Task,Snapdragon_Auto.HGY.4.1.8.0.r2,"Snapdragon_Auto.HGY.4.1.8.0.r2_PDT - [Snapdragon_Auto.HGY.4.1.8.0.r2-00038-STD.INT-1] - APPS Crash - Kernel panic - not syncing: sysrq triggered crash, UEFI mode enabled, UEFI Cookie : 0x75656669",https://jira-dc2-tools.qualcomm.com/jira/browse/DROIDBUG-15937086
DROIDBUG-15937101,2026-10-03T20:04:51.000-0700,Manisha Nakka,S1_ANALYSIS,DROIDBUG,Task,Snapdragon_Auto.HGY.4.1.6.0,"Snapdragon_Auto.HGY.4.1.6.0_PDT - [Snapdragon_Auto.HGY.4.1.6.0.r1-00242-STD.INT-1] - GCC_RESET_STATUS : 0x4202, UEFI mode enabled, UEFI Cookie : 0x75656669",https://jira-dc2-tools.qualcomm.com/jira/browse/DROIDBUG-15937101
DROIDBUG-15937108,2026-10-03T20:09:59.000-0700,Manisha Nakka,Rejected,DROIDBUG,Task,Snapdragon_Auto.HGY.4.1.6.0,"Snapdragon_Auto.HGY.4.1.6.0_PDT - [Snapdragon_Auto.HGY.4.1.6.0.r1-00242-STD.INT-1] - APPS Crash - Kernel panic - not syncing: sysrq triggered crash, UEFI mode enabled, UEFI Cookie : 0x75656669",https://jira-dc2-tools.qualcomm.com/jira/browse/DROIDBUG-15937108
DROIDBUG-15937171,2026-10-03T21:13:43.000-0700,Manisha Nakka,Rejected,DROIDBUG,Task,Snapdragon_Auto.HGY.4.1.6.0,"Snapdragon_Auto.HGY.4.1.6.0_PDT - [Snapdragon_Auto.HGY.4.1.6.0.r1-00242-STD.INT-1] - APPS Crash - Kernel panic - not syncing: sysrq triggered crash, UEFI mode enabled, UEFI Cookie : 0x75656669",https://jira-dc2-tools.qualcomm.com/jira/browse/DROIDBUG-15937171
DROIDBUG-15937198,2026-10-03T21:49:03.000-0700,Manisha Nakka,S1_ANALYSIS,DROIDBUG,Task,Snapdragon_Auto.HGY.4.1.6.0,"Snapdragon_Auto.HGY.4.1.6.0_PDT - [Snapdragon_Auto.HGY.4.1.6.0.r1-00242-STD.INT-1] - GCC_RESET_STATUS : 0x4202, UEFI mode enabled, UEFI Cookie : 0x75656669",https://jira-dc2-tools.qualcomm.com/jira/browse/DROIDBUG-15937198
DROIDBUG-15937215,2026-10-03T22:02:48.000-0700,Manisha Nakka,Rejected,DROIDBUG,Task,Snapdragon_Auto.HGY.4.1.6.0,"Snapdragon_Auto.HGY.4.1.6.0_PDT - [Snapdragon_Auto.HGY.4.1.6.0.r1-00242-STD.INT-1] - APPS Crash - Kernel panic - not syncing: sysrq triggered crash, UEFI mode enabled, UEFI Cookie : 0x75656669",https://jira-dc2-tools.qualcomm.com/jira/browse/DROIDBUG-15937215
DROIDBUG-15937257,2026-10-03T22:48:32.000-0700,Manisha Nakka,Rejected,DROIDBUG,Task,Snapdragon_Auto.HGY.4.1.6.0,"Snapdragon_Auto.HGY.4.1.6.0_PDT - [Snapdragon_Auto.HGY.4.1.6.0.r1-00242-STD.INT-1] - APPS Crash - Kernel panic - not syncing: sysrq triggered crash, UEFI mode enabled, UEFI Cookie : 0x75656669",https://jira-dc2-tools.qualcomm.com/jira/browse/DROIDBUG-15937257
DROIDBUG-15937327,2026-10-03T23:50:01.000-0700,Manisha Nakka,Rejected,DROIDBUG,Task,Snapdragon_Auto.HGY.4.1.6.0,"Snapdragon_Auto.HGY.4.1.6.0_PDT - [Snapdragon_Auto.HGY.4.1.6.0.r1-00242-STD.INT-1] - APPS Crash - Kernel panic - not syncing: sysrq triggered crash, UEFI mode enabled, UEFI Cookie : 0x75656669",https://jira-dc2-tools.qualcomm.com/jira/browse/DROIDBUG-15937327
DROIDBUG-15937339,2026-10-03T23:56:47.000-0700,Manisha Nakka,Rejected,DROIDBUG,Task,Snapdragon_Auto.HGY.4.1.6.0,"Snapdragon_Auto.HGY.4.1.6.0_PDT - [Snapdragon_Auto.HGY.4.1.6.0.r1-00242-STD.INT-1] - APPS Crash - Kernel panic - not syncing: sysrq triggered crash, UEFI mode enabled, UEFI Cookie : 0x75656669",https://jira-dc2-tools.qualcomm.com/jira/browse/DROIDBUG-15937339
DROIDBUG-15937362,2026-10-04T00:34:34.000-0700,Manisha Nakka,S1_ANALYSIS,DROIDBUG,Task,Snapdragon_Auto.HGY.4.1.8.0.r2,"Snapdragon_Auto.HGY.4.1.8.0.r2_PDT - [Snapdragon_Auto.HGY.4.1.8.0.r2-00038-STD.INT-1] - APPS Crash - Kernel panic - not syncing: sysrq triggered crash, UEFI mode enabled, UEFI Cookie : 0x75656669",https://jira-dc2-tools.qualcomm.com/jira/browse/DROIDBUG-15937362
DROIDBUG-15937377,2026-10-04T00:47:30.000-0700,Manisha Nakka,Rejected,DROIDBUG,Task,Snapdragon_Auto.HGY.4.1.6.0,"Snapdragon_Auto.HGY.4.1.6.0_PDT - [Snapdragon_Auto.HGY.4.1.6.0.r1-00242-STD.INT-1] - APPS Crash - Kernel panic - not syncing: sysrq triggered crash, UEFI mode enabled, UEFI Cookie : 0x75656669",https://jira-dc2-tools.qualcomm.com/jira/browse/DROIDBUG-15937377
DROIDBUG-15937413,2026-10-04T01:34:43.000-0700,Manisha Nakka,S1_ANALYSIS,DROIDBUG,Task,Snapdragon_Auto.HGY.4.1.6.0,"Snapdragon_Auto.HGY.4.1.6.0_PDT - [Snapdragon_Auto.HGY.4.1.6.0.r1-00242-STD.INT-1] - GCC_RESET_STATUS : 0x4202, UEFI mode enabled, UEFI Cookie : 0x75656669",https://jira-dc2-tools.qualcomm.com/jira/browse/DROIDBUG-15937413
DROIDBUG-15937429,2026-10-04T01:48:37.000-0700,Manisha Nakka,Rejected,DROIDBUG,Task,Snapdragon_Auto.HGY.4.1.6.0,"Snapdragon_Auto.HGY.4.1.6.0_PDT - [Snapdragon_Auto.HGY.4.1.6.0.r1-00242-STD.INT-1] - APPS Crash - Kernel panic - not syncing: sysrq triggered crash, UEFI mode enabled, UEFI Cookie : 0x75656669",https://jira-dc2-tools.qualcomm.com/jira/browse/DROIDBUG-15937429
DROIDBUG-15937452,2026-10-04T02:21:31.000-0700,Manisha Nakka,S1_ANALYSIS,DROIDBUG,Task,Snapdragon_Auto.HGY.4.1.6.0,"Snapdragon_Auto.HGY.4.1.6.0_PDT - [Snapdragon_Auto.HGY.4.1.6.0.r1-00242-STD.INT-1] - GCC_RESET_STATUS : 0x4202, UEFI mode enabled, UEFI Cookie : 0x75656669",https://jira-dc2-tools.qualcomm.com/jira/browse/DROIDBUG-15937452
DROIDBUG-15937499,2026-10-04T03:08:13.000-0700,Manisha Nakka,S1_ANALYSIS,DROIDBUG,Task,Snapdragon_Auto.HGY.4.1.6.0,"Snapdragon_Auto.HGY.4.1.6.0_PDT - [Snapdragon_Auto.HGY.4.1.6.0.r1-00242-STD.INT-1] - GCC_RESET_STATUS : 0x4202, UEFI mode enabled, UEFI Cookie : 0x75656669",https://jira-dc2-tools.qualcomm.com/jira/browse/DROIDBUG-15937499
DROIDBUG-15937555,2026-10-04T03:41:29.000-0700,Manisha Nakka,Rejected,DROIDBUG,Task,Snapdragon_Auto.HGY.4.1.6.0,"Snapdragon_Auto.HGY.4.1.6.0_PDT - [Snapdragon_Auto.HGY.4.1.6.0.r1-00242-STD.INT-1] - APPS Crash - Kernel panic - not syncing: sysrq triggered crash, UEFI mode enabled, UEFI Cookie : 0x75656669",https://jira-dc2-tools.qualcomm.com/jira/browse/DROIDBUG-15937555
DROIDBUG-15937572,2026-10-04T03:59:58.000-0700,Manisha Nakka,S1_ANALYSIS,DROIDBUG,Task,Snapdragon_Auto.HGY.4.1.6.0,"Snapdragon_Auto.HGY.4.1.6.0_PDT - [Snapdragon_Auto.HGY.4.1.6.0.r1-00242-STD.INT-1] - GCC_RESET_STATUS : 0x4202, UEFI mode enabled, UEFI Cookie : 0x75656669",https://jira-dc2-tools.qualcomm.com/jira/browse/DROIDBUG-15937572
DROIDBUG-15937641,2026-10-04T04:55:00.000-0700,Manisha Nakka,Rejected,DROIDBUG,Task,Snapdragon_Auto.HGY.4.1.6.0,"Snapdragon_Auto.HGY.4.1.6.0_PDT - [Snapdragon_Auto.HGY.4.1.6.0.r1-00242-STD.INT-1] - APPS Crash - Kernel panic - not syncing: sysrq triggered crash, UEFI mode enabled, UEFI Cookie : 0x75656669",https://jira-dc2-tools.qualcomm.com/jira/browse/DROIDBUG-15937641
DROIDBUG-15937699,2026-10-04T05:34:12.000-0700,Manisha Nakka,Rejected,DROIDBUG,Task,Snapdragon_Auto.HGY.4.1.6.0,"Snapdragon_Auto.HGY.4.1.6.0_PDT - [Snapdragon_Auto.HGY.4.1.6.0.r1-00242-STD.INT-1] - APPS Crash - Kernel panic - not syncing: sysrq triggered crash, UEFI mode enabled, UEFI Cookie : 0x75656669",https://jira-dc2-tools.qualcomm.com/jira/browse/DROIDBUG-15937699
DROIDBUG-15937726,2026-10-04T05:54:38.000-0700,Manisha Nakka,Rejected,DROIDBUG,Task,Snapdragon_Auto.HGY.4.1.6.0,"Snapdragon_Auto.HGY.4.1.6.0_PDT - [Snapdragon_Auto.HGY.4.1.6.0.r1-00242-STD.INT-1] - APPS Crash - Kernel panic - not syncing: sysrq triggered crash, UEFI mode enabled, UEFI Cookie : 0x75656669",https://jira-dc2-tools.qualcomm.com/jira/browse/DROIDBUG-15937726
DROIDBUG-15937807,2026-10-04T06:42:38.000-0700,Manisha Nakka,S1_ANALYSIS,DROIDBUG,Task,Snapdragon_Auto.HGY.4.1.6.0,"Snapdragon_Auto.HGY.4.1.6.0_PDT - [Snapdragon_Auto.HGY.4.1.6.0.r1-00242-STD.INT-1] - GCC_RESET_STATUS : 0x4202, UEFI mode enabled, UEFI Cookie : 0x75656669",https://jira-dc2-tools.qualcomm.com/jira/browse/DROIDBUG-15937807
DROIDBUG-15937856,2026-10-04T07:17:06.000-0700,Manisha Nakka,S1_ANALYSIS,DROIDBUG,Task,Snapdragon_Auto.HGY.4.1.6.0,"Snapdragon_Auto.HGY.4.1.6.0_PDT - [Snapdragon_Auto.HGY.4.1.6.0.r1-00242-STD.INT-1] - GCC_RESET_STATUS : 0x4202, UEFI mode enabled, UEFI Cookie : 0x75656669",https://jira-dc2-tools.qualcomm.com/jira/browse/DROIDBUG-15937856
DROIDBUG-15937873,2026-10-04T07:27:31.000-0700,Manisha Nakka,Rejected,DROIDBUG,Task,Snapdragon_Auto.HGY.4.1.6.0,"Snapdragon_Auto.HGY.4.1.6.0_PDT - [Snapdragon_Auto.HGY.4.1.6.0.r1-00242-STD.INT-1] - APPS Crash - Kernel panic - not syncing: sysrq triggered crash, UEFI mode enabled, UEFI Cookie : 0x75656669",https://jira-dc2-tools.qualcomm.com/jira/browse/DROIDBUG-15937873
DROIDBUG-15937917,2026-10-04T07:58:26.000-0700,Manisha Nakka,S1_ANALYSIS,DROIDBUG,Task,SA8775P.HGY.4.1.9.0,"Snapdragon_Auto.HGY.4.1.9.0_PDT - [SA8775P.HGY.4.1.9.0-00022-STD.INT-1] - APPS Crash - Page fault Execute error: PC = ext4_ext_map_blocks+0x338/0x1820 LR = ext4_ext_map_blocks+0xdf4/0x1820, UEFI mode enabled, UEFI Cookie : 0x75656669",https://jira-dc2-tools.qualcomm.com/jira/browse/DROIDBUG-15937917
DROIDBUG-15937940,2026-10-04T08:17:01.000-0700,Manisha Nakka,Rejected,DROIDBUG,Task,Snapdragon_Auto.HGY.4.1.6.0,"Snapdragon_Auto.HGY.4.1.6.0_PDT - [Snapdragon_Auto.HGY.4.1.6.0.r1-00242-STD.INT-1] - APPS Crash - Kernel panic - not syncing: sysrq triggered crash, UEFI mode enabled, UEFI Cookie : 0x75656669",https://jira-dc2-tools.qualcomm.com/jira/browse/DROIDBUG-15937940
DROIDBUG-15938007,2026-10-04T09:16:54.000-0700,Manisha Nakka,Rejected,DROIDBUG,Task,Snapdragon_Auto.HGY.4.1.6.0,"Snapdragon_Auto.HGY.4.1.6.0_PDT - [Snapdragon_Auto.HGY.4.1.6.0.r1-00242-STD.INT-1] - APPS Crash - Kernel panic - not syncing: sysrq triggered crash, UEFI mode enabled, UEFI Cookie : 0x75656669",https://jira-dc2-tools.qualcomm.com/jira/browse/DROIDBUG-15938007
DROIDBUG-15938015,2026-10-04T09:20:35.000-0700,Manisha Nakka,Rejected,DROIDBUG,Task,Snapdragon_Auto.HGY.4.1.6.0,"Snapdragon_Auto.HGY.4.1.6.0_PDT - [Snapdragon_Auto.HGY.4.1.6.0.r1-00242-STD.INT-1] - APPS Crash - Kernel panic - not syncing: sysrq triggered crash, UEFI mode enabled, UEFI Cookie : 0x75656669",https://jira-dc2-tools.qualcomm.com/jira/browse/DROIDBUG-15938015
DROIDBUG-15938083,2026-10-04T10:04:00.000-0700,Manisha Nakka,S1_ANALYSIS,DROIDBUG,Task,Snapdragon_Auto.HGY.4.1.6.0,"Snapdragon_Auto.HGY.4.1.6.0_PDT - [Snapdragon_Auto.HGY.4.1.6.0.r1-00242-STD.INT-1] - GCC_RESET_STATUS : 0x4202, UEFI mode enabled, UEFI Cookie : 0x75656669",https://jira-dc2-tools.qualcomm.com/jira/browse/DROIDBUG-15938083
DROIDBUG-15938155,2026-10-04T10:51:12.000-0700,Manisha Nakka,S1_ANALYSIS,DROIDBUG,Task,Snapdragon_Auto.HGY.4.1.6.0,"Snapdragon_Auto.HGY.4.1.6.0_PDT - [Snapdragon_Auto.HGY.4.1.6.0.r1-00242-STD.INT-1] - GCC_RESET_STATUS : 0x4202, UEFI mode enabled, UEFI Cookie : 0x75656669",https://jira-dc2-tools.qualcomm.com/jira/browse/DROIDBUG-15938155
DROIDBUG-15938186,2026-10-04T11:13:22.000-0700,Manisha Nakka,Rejected,DROIDBUG,Task,Snapdragon_Auto.HGY.4.1.6.0,"Snapdragon_Auto.HGY.4.1.6.0_PDT - [Snapdragon_Auto.HGY.4.1.6.0.r1-00242-STD.INT-1] - APPS Crash - Kernel panic - not syncing: sysrq triggered crash, UEFI mode enabled, UEFI Cookie : 0x75656669",https://jira-dc2-tools.qualcomm.com/jira/browse/DROIDBUG-15938186
DROIDBUG-15938202,2026-10-04T11:21:02.000-0700,Manisha Nakka,Rejected,DROIDBUG,Task,Snapdragon_Auto.HGY.4.1.8.0.r2,"Snapdragon_Auto.HGY.4.1.8.0.r2_PDT - [Snapdragon_Auto.HGY.4.1.8.0.r2-00038-STD.INT-1] - APPS Crash - Kernel panic - not syncing: watchdog pretimeout event, UEFI mode enabled, UEFI Cookie : 0x75656669",https://jira-dc2-tools.qualcomm.com/jira/browse/DROIDBUG-15938202
DROIDBUG-15938229,2026-10-04T11:38:25.000-0700,Manisha Nakka,S1_ANALYSIS,DROIDBUG,Task,Snapdragon_Auto.HGY.4.1.6.0,"Snapdragon_Auto.HGY.4.1.6.0_PDT - [Snapdragon_Auto.HGY.4.1.6.0.r1-00242-STD.INT-1] - GCC_RESET_STATUS : 0x4202, UEFI mode enabled, UEFI Cookie : 0x75656669",https://jira-dc2-tools.qualcomm.com/jira/browse/DROIDBUG-15938229
DROIDBUG-15938323,2026-10-04T12:37:30.000-0700,Manisha Nakka,Rejected,DROIDBUG,Task,Snapdragon_Auto.HGY.4.1.6.0,"Snapdragon_Auto.HGY.4.1.6.0_PDT - [Snapdragon_Auto.HGY.4.1.6.0.r1-00242-STD.INT-1] - APPS Crash - Kernel panic - not syncing: sysrq triggered crash, UEFI mode enabled, UEFI Cookie : 0x75656669",https://jira-dc2-tools.qualcomm.com/jira/browse/DROIDBUG-15938323
DROIDBUG-15938365,2026-10-04T13:05:42.000-0700,Manisha Nakka,Rejected,DROIDBUG,Task,Snapdragon_Auto.HGY.4.1.6.0,"Snapdragon_Auto.HGY.4.1.6.0_PDT - [Snapdragon_Auto.HGY.4.1.6.0.r1-00242-STD.INT-1] - APPS Crash - Kernel panic - not syncing: sysrq triggered crash, UEFI mode enabled, UEFI Cookie : 0x75656669",https://jira-dc2-tools.qualcomm.com/jira/browse/DROIDBUG-15938365
DROIDBUG-15938425,2026-10-04T13:37:07.000-0700,Manisha Nakka,Rejected,DROIDBUG,Task,Snapdragon_Auto.HGY.4.1.6.0,"Snapdragon_Auto.HGY.4.1.6.0_PDT - [Snapdragon_Auto.HGY.4.1.6.0.r1-00242-STD.INT-1] - APPS Crash - Kernel panic - not syncing: sysrq triggered crash, UEFI mode enabled, UEFI Cookie : 0x75656669",https://jira-dc2-tools.qualcomm.com/jira/browse/DROIDBUG-15938425
DROIDBUG-15938446,2026-10-04T13:54:20.000-0700,Manisha Nakka,S1_ANALYSIS,DROIDBUG,Task,Snapdragon_Auto.HGY.4.1.8.0.r2,"Snapdragon_Auto.HGY.4.1.8.0.r2_PDT - [Snapdragon_Auto.HGY.4.1.8.0.r2-00038-STD.INT-1] - APPS Crash - Kernel panic - not syncing: sysrq triggered crash, UEFI mode enabled, UEFI Cookie : 0x75656669",https://jira-dc2-tools.qualcomm.com/jira/browse/DROIDBUG-15938446
DROIDBUG-15938482,2026-10-04T14:19:18.000-0700,Manisha Nakka,S1_ANALYSIS,DROIDBUG,Task,Snapdragon_Auto.HGY.4.1.6.0,"Snapdragon_Auto.HGY.4.1.6.0_PDT - [Snapdragon_Auto.HGY.4.1.6.0.r1-00242-STD.INT-1] - GCC_RESET_STATUS : 0x4202, UEFI mode enabled, UEFI Cookie : 0x75656669",https://jira-dc2-tools.qualcomm.com/jira/browse/DROIDBUG-15938482
DROIDBUG-15938523,2026-10-04T14:58:16.000-0700,Manisha Nakka,Rejected,DROIDBUG,Task,Snapdragon_Auto.HGY.4.1.6.0,"Snapdragon_Auto.HGY.4.1.6.0_PDT - [Snapdragon_Auto.HGY.4.1.6.0.r1-00242-STD.INT-1] - APPS Crash - Kernel panic - not syncing: sysrq triggered crash, UEFI mode enabled, UEFI Cookie : 0x75656669",https://jira-dc2-tools.qualcomm.com/jira/browse/DROIDBUG-15938523
DROIDBUG-15938527,2026-10-04T15:01:16.000-0700,Manisha Nakka,S1_ANALYSIS,DROIDBUG,Task,Snapdragon_Auto.HGY.4.1.6.0,"Snapdragon_Auto.HGY.4.1.6.0_PDT - [Snapdragon_Auto.HGY.4.1.6.0.r1-00242-STD.INT-1] - GCC_RESET_STATUS : 0x4202, UEFI mode enabled, UEFI Cookie : 0x75656669",https://jira-dc2-tools.qualcomm.com/jira/browse/DROIDBUG-15938527
DROIDBUG-15938622,2026-10-04T15:53:02.000-0700,Manisha Nakka,S1_ANALYSIS,DROIDBUG,Task,Snapdragon_Auto.HGY.4.1.6.0,"Snapdragon_Auto.HGY.4.1.6.0_PDT - [Snapdragon_Auto.HGY.4.1.6.0.r1-00242-STD.INT-1] - GCC_RESET_STATUS : 0x4202, UEFI mode enabled, UEFI Cookie : 0x75656669",https://jira-dc2-tools.qualcomm.com/jira/browse/DROIDBUG-15938622
DROIDBUG-15938670,2026-10-04T16:34:19.000-0700,Manisha Nakka,S1_ANALYSIS,DROIDBUG,Task,Snapdragon_Auto.HGY.4.1.6.0,"Snapdragon_Auto.HGY.4.1.6.0_PDT - [Snapdragon_Auto.HGY.4.1.6.0.r1-00242-STD.INT-1] - GCC_RESET_STATUS : 0x4202, UEFI mode enabled, UEFI Cookie : 0x75656669",https://jira-dc2-tools.qualcomm.com/jira/browse/DROIDBUG-15938670
DROIDBUG-15938683,2026-10-04T16:52:55.000-0700,Manisha Nakka,Rejected,DROIDBUG,Task,Snapdragon_Auto.HGY.4.1.6.0,"Snapdragon_Auto.HGY.4.1.6.0_PDT - [Snapdragon_Auto.HGY.4.1.6.0.r1-00242-STD.INT-1] - APPS Crash - Kernel panic - not syncing: sysrq triggered crash, UEFI mode enabled, UEFI Cookie : 0x75656669",https://jira-dc2-tools.qualcomm.com/jira/browse/DROIDBUG-15938683
DROIDBUG-15938691,2026-10-04T17:01:27.000-0700,Manisha Nakka,S1_ANALYSIS,DROIDBUG,Task,Snapdragon_Auto.HGY.4.1.8.0.r2,"Snapdragon_Auto.HGY.4.1.8.0.r2_PDT - [Snapdragon_Auto.HGY.4.1.8.0.r2-00038-STD.INT-1] - APPS Crash - Kernel panic - not syncing: sysrq triggered crash, UEFI mode enabled, UEFI Cookie : 0x75656669",https://jira-dc2-tools.qualcomm.com/jira/browse/DROIDBUG-15938691
DROIDBUG-15938719,2026-10-04T17:25:22.000-0700,Manisha Nakka,S1_ANALYSIS,DROIDBUG,Task,Snapdragon_Auto.HGY.4.1.6.0,"Snapdragon_Auto.HGY.4.1.6.0_PDT - [Snapdragon_Auto.HGY.4.1.6.0.r1-00242-STD.INT-1] - GCC_RESET_STATUS : 0x4202, UEFI mode enabled, UEFI Cookie : 0x75656669",https://jira-dc2-tools.qualcomm.com/jira/browse/DROIDBUG-15938719
DROIDBUG-15938761,2026-10-04T18:19:41.000-0700,Manisha Nakka,Rejected,DROIDBUG,Task,Snapdragon_Auto.HGY.4.1.6.0,"Snapdragon_Auto.HGY.4.1.6.0_PDT - [Snapdragon_Auto.HGY.4.1.6.0.r1-00242-STD.INT-1] - APPS Crash - Kernel panic - not syncing: sysrq triggered crash, UEFI mode enabled, UEFI Cookie : 0x75656669",https://jira-dc2-tools.qualcomm.com/jira/browse/DROIDBUG-15938761
DROIDBUG-15938788,2026-10-04T18:40:59.000-0700,Manisha Nakka,Closed,DROIDBUG,Task,Snapdragon_Auto.HGY.4.1.8.0.r2,Snapdragon_Auto.HGY.4.1.8.0.r2_PDT - [Snapdragon_Auto.HGY.4.1.8.0.r2-00038-STD.INT-1] - ProcessDump - [LINUX_PROCESS_CRASH] testfw_app,https://jira-dc2-tools.qualcomm.com/jira/browse/DROIDBUG-15938788
DROIDBUG-15938795,2026-10-04T18:44:19.000-0700,Manisha Nakka,Rejected,DROIDBUG,Task,Snapdragon_Auto.HGY.4.1.6.0,"Snapdragon_Auto.HGY.4.1.6.0_PDT - [Snapdragon_Auto.HGY.4.1.6.0.r1-00242-STD.INT-1] - APPS Crash - Kernel panic - not syncing: sysrq triggered crash, UEFI mode enabled, UEFI Cookie : 0x75656669",https://jira-dc2-tools.qualcomm.com/jira/browse/DROIDBUG-15938795
DROIDBUG-15938814,2026-10-04T19:10:53.000-0700,Manisha Nakka,S1_ANALYSIS,DROIDBUG,Task,Snapdragon_Auto.HGY.4.1.6.0,"Snapdragon_Auto.HGY.4.1.6.0_PDT - [Snapdragon_Auto.HGY.4.1.6.0.r1-00242-STD.INT-1] - GCC_RESET_STATUS : 0x4202, UEFI mode enabled, UEFI Cookie : 0x75656669",https://jira-dc2-tools.qualcomm.com/jira/browse/DROIDBUG-15938814
DROIDBUG-15938848,2026-10-04T19:52:34.000-0700,Manisha Nakka,S1_ANALYSIS,DROIDBUG,Task,Snapdragon_Auto.HGY.4.1.6.0,"Snapdragon_Auto.HGY.4.1.6.0_PDT - [Snapdragon_Auto.HGY.4.1.6.0.r1-00242-STD.INT-1] - GCC_RESET_STATUS : 0x4202, UEFI mode enabled, UEFI Cookie : 0x75656669",https://jira-dc2-tools.qualcomm.com/jira/browse/DROIDBUG-15938848
DROIDBUG-15938853,2026-10-04T20:01:44.000-0700,Manisha Nakka,S1_ANALYSIS,DROIDBUG,Task,Snapdragon_Auto.HGY.4.1.8.0.r2,"Snapdragon_Auto.HGY.4.1.8.0.r2_PDT - [Snapdragon_Auto.HGY.4.1.8.0.r2-00038-STD.INT-1] - APPS Crash - Kernel panic - not syncing: sysrq triggered crash, UEFI mode enabled, UEFI Cookie : 0x75656669",https://jira-dc2-tools.qualcomm.com/jira/browse/DROIDBUG-15938853
DROIDBUG-15938883,2026-10-04T20:34:10.000-0700,Manisha Nakka,S1_ANALYSIS,DROIDBUG,Task,Snapdragon_Auto.HGY.4.1.6.0,"Snapdragon_Auto.HGY.4.1.6.0_PDT - [Snapdragon_Auto.HGY.4.1.6.0.r1-00242-STD.INT-1] - GCC_RESET_STATUS : 0x4202, UEFI mode enabled, UEFI Cookie : 0x75656669",https://jira-dc2-tools.qualcomm.com/jira/browse/DROIDBUG-15938883
DROIDBUG-15938887,2026-10-04T20:37:37.000-0700,Manisha Nakka,Rejected,DROIDBUG,Task,Snapdragon_Auto.HGY.4.1.6.0,"Snapdragon_Auto.HGY.4.1.6.0_PDT - [Snapdragon_Auto.HGY.4.1.6.0.r1-00242-STD.INT-1] - APPS Crash - Kernel panic - not syncing: sysrq triggered crash, UEFI mode enabled, UEFI Cookie : 0x75656669",https://jira-dc2-tools.qualcomm.com/jira/browse/DROIDBUG-15938887
DROIDBUG-15938929,2026-10-04T21:15:48.000-0700,Manisha Nakka,S1_ANALYSIS,DROIDBUG,Task,Snapdragon_Auto.HGY.4.1.6.0,"Snapdragon_Auto.HGY.4.1.6.0_PDT - [Snapdragon_Auto.HGY.4.1.6.0.r1-00242-STD.INT-1] - GCC_RESET_STATUS : 0x4202, UEFI mode enabled, UEFI Cookie : 0x75656669",https://jira-dc2-tools.qualcomm.com/jira/browse/DROIDBUG-15938929
DROIDBUG-15939069,2026-10-04T22:10:15.000-0700,Manisha Nakka,Rejected,DROIDBUG,Task,Snapdragon_Auto.HGY.4.1.6.0,"Snapdragon_Auto.HGY.4.1.6.0_PDT - [Snapdragon_Auto.HGY.4.1.6.0.r1-00242-STD.INT-1] - APPS Crash - Kernel panic - not syncing: sysrq triggered crash, UEFI mode enabled, UEFI Cookie : 0x75656669",https://jira-dc2-tools.qualcomm.com/jira/browse/DROIDBUG-15939069
DROIDBUG-15939149,2026-10-04T22:30:39.000-0700,Manisha Nakka,Rejected,DROIDBUG,Task,Snapdragon_Auto.HGY.4.1.6.0,"Snapdragon_Auto.HGY.4.1.6.0_PDT - [Snapdragon_Auto.HGY.4.1.6.0.r1-00242-STD.INT-1] - APPS Crash - Kernel panic - not syncing: sysrq triggered crash, UEFI mode enabled, UEFI Cookie : 0x75656669",https://jira-dc2-tools.qualcomm.com/jira/browse/DROIDBUG-15939149
DROIDBUG-15939185,2026-10-04T22:52:07.000-0700,Manisha Nakka,S1_ANALYSIS,DROIDBUG,Task,Snapdragon_Auto.HGY.4.1.6.0,"Snapdragon_Auto.HGY.4.1.6.0_PDT - [Snapdragon_Auto.HGY.4.1.6.0.r1-00242-STD.INT-1] - GCC_RESET_STATUS : 0x4202, UEFI mode enabled, UEFI Cookie : 0x75656669",https://jira-dc2-tools.qualcomm.com/jira/browse/DROIDBUG-15939185
DROIDBUG-15939310,2026-10-04T23:23:37.000-0700,Manisha Nakka,Closed,DROIDBUG,Task,Snapdragon_Auto.HGY.4.1.8.0.r2,Snapdragon_Auto.HGY.4.1.8.0.r2_PDT - [Snapdragon_Auto.HGY.4.1.8.0.r2-00038-STD.INT-1] - ProcessDump - [LINUX_PROCESS_CRASH] eva_test,https://jira-dc2-tools.qualcomm.com/jira/browse/DROIDBUG-15939310
DROIDBUG-15939333,2026-10-04T23:33:38.000-0700,Manisha Nakka,S1_ANALYSIS,DROIDBUG,Task,Snapdragon_Auto.HGY.4.1.6.0,"Snapdragon_Auto.HGY.4.1.6.0_PDT - [Snapdragon_Auto.HGY.4.1.6.0.r1-00242-STD.INT-1] - GCC_RESET_STATUS : 0x4202, UEFI mode enabled, UEFI Cookie : 0x75656669",https://jira-dc2-tools.qualcomm.com/jira/browse/DROIDBUG-15939333
DROIDBUG-15939500,2026-10-05T00:14:59.000-0700,Manisha Nakka,S1_ANALYSIS,DROIDBUG,Task,Snapdragon_Auto.HGY.4.1.6.0,"Snapdragon_Auto.HGY.4.1.6.0_PDT - [Snapdragon_Auto.HGY.4.1.6.0.r1-00242-STD.INT-1] - GCC_RESET_STATUS : 0x4202, UEFI mode enabled, UEFI Cookie : 0x75656669",https://jira-dc2-tools.qualcomm.com/jira/browse/DROIDBUG-15939500
DROIDBUG-15939517,2026-10-05T00:24:15.000-0700,Manisha Nakka,Rejected,DROIDBUG,Task,Snapdragon_Auto.HGY.4.1.6.0,"Snapdragon_Auto.HGY.4.1.6.0_PDT - [Snapdragon_Auto.HGY.4.1.6.0.r1-00242-STD.INT-1] - APPS Crash - Kernel panic - not syncing: sysrq triggered crash, UEFI mode enabled, UEFI Cookie : 0x75656669",https://jira-dc2-tools.qualcomm.com/jira/browse/DROIDBUG-15939517
DROIDBUG-15939642,2026-10-05T00:56:57.000-0700,Manisha Nakka,S1_ANALYSIS,DROIDBUG,Task,Snapdragon_Auto.HGY.4.1.6.0,"Snapdragon_Auto.HGY.4.1.6.0_PDT - [Snapdragon_Auto.HGY.4.1.6.0.r1-00242-STD.INT-1] - GCC_RESET_STATUS : 0x4202, UEFI mode enabled, UEFI Cookie : 0x75656669",https://jira-dc2-tools.qualcomm.com/jira/browse/DROIDBUG-15939642
DROIDBUG-15939783,2026-10-05T01:47:16.000-0700,Manisha Nakka,S1_ANALYSIS,DROIDBUG,Task,Snapdragon_Auto.HGY.4.1.8.0.r2,"Snapdragon_Auto.HGY.4.1.8.0.r2_PDT - [Snapdragon_Auto.HGY.4.1.8.0.r2-00038-STD.INT-1] - APPS Crash - Kernel panic - not syncing: sysrq triggered crash, UEFI mode enabled, UEFI Cookie : 0x75656669",https://jira-dc2-tools.qualcomm.com/jira/browse/DROIDBUG-15939783
DROIDBUG-15939788,2026-10-05T01:50:42.000-0700,Manisha Nakka,Rejected,DROIDBUG,Task,Snapdragon_Auto.HGY.4.1.6.0,"Snapdragon_Auto.HGY.4.1.6.0_PDT - [Snapdragon_Auto.HGY.4.1.6.0.r1-00242-STD.INT-1] - APPS Crash - Kernel panic - not syncing: sysrq triggered crash, UEFI mode enabled, UEFI Cookie : 0x75656669",https://jira-dc2-tools.qualcomm.com/jira/browse/DROIDBUG-15939788
DROIDBUG-15939827,2026-10-05T02:15:59.000-0700,Manisha Nakka,Rejected,DROIDBUG,Task,Snapdragon_Auto.HGY.4.1.6.0,"Snapdragon_Auto.HGY.4.1.6.0_PDT - [Snapdragon_Auto.HGY.4.1.6.0.r1-00242-STD.INT-1] - APPS Crash - Kernel panic - not syncing: sysrq triggered crash, UEFI mode enabled, UEFI Cookie : 0x75656669",https://jira-dc2-tools.qualcomm.com/jira/browse/DROIDBUG-15939827
DROIDBUG-15939843,2026-10-05T02:32:01.000-0700,Manisha Nakka,S1_ANALYSIS,DROIDBUG,Task,Snapdragon_Auto.HGY.4.1.6.0,"Snapdragon_Auto.HGY.4.1.6.0_PDT - [Snapdragon_Auto.HGY.4.1.6.0.r1-00242-STD.INT-1] - GCC_RESET_STATUS : 0x4202, UEFI mode enabled, UEFI Cookie : 0x75656669",https://jira-dc2-tools.qualcomm.com/jira/browse/DROIDBUG-15939843
DROIDBUG-15939919,2026-10-05T03:26:34.000-0700,Manisha Nakka,Rejected,DROIDBUG,Task,Snapdragon_Auto.HGY.4.1.6.0,"Snapdragon_Auto.HGY.4.1.6.0_PDT - [Snapdragon_Auto.HGY.4.1.6.0.r1-00242-STD.INT-1] - APPS Crash - Kernel panic - not syncing: sysrq triggered crash, UEFI mode enabled, UEFI Cookie : 0x75656669",https://jira-dc2-tools.qualcomm.com/jira/browse/DROIDBUG-15939919
DROIDBUG-15940016,2026-10-05T04:07:47.000-0700,Manisha Nakka,S1_ANALYSIS,DROIDBUG,Task,Snapdragon_Auto.HGY.4.1.6.0,"Snapdragon_Auto.HGY.4.1.6.0_PDT - [Snapdragon_Auto.HGY.4.1.6.0.r1-00242-STD.INT-1] - GCC_RESET_STATUS : 0x4202, UEFI mode enabled, UEFI Cookie : 0x75656669",https://jira-dc2-tools.qualcomm.com/jira/browse/DROIDBUG-15940016
DROIDBUG-15940018,2026-10-05T04:09:32.000-0700,Manisha Nakka,Rejected,DROIDBUG,Task,Snapdragon_Auto.HGY.4.1.6.0,"Snapdragon_Auto.HGY.4.1.6.0_PDT - [Snapdragon_Auto.HGY.4.1.6.0.r1-00242-STD.INT-1] - APPS Crash - Kernel panic - not syncing: sysrq triggered crash, UEFI mode enabled, UEFI Cookie : 0x75656669",https://jira-dc2-tools.qualcomm.com/jira/browse/DROIDBUG-15940018
DROIDBUG-15940147,2026-10-05T04:50:12.000-0700,Manisha Nakka,S1_ANALYSIS,DROIDBUG,Task,Snapdragon_Auto.HGY.4.1.6.0,"Snapdragon_Auto.HGY.4.1.6.0_PDT - [Snapdragon_Auto.HGY.4.1.6.0.r1-00242-STD.INT-1] - GCC_RESET_STATUS : 0x4202, UEFI mode enabled, UEFI Cookie : 0x75656669",https://jira-dc2-tools.qualcomm.com/jira/browse/DROIDBUG-15940147
DROIDBUG-15940337,2026-10-05T05:43:50.000-0700,Manisha Nakka,Rejected,DROIDBUG,Task,Snapdragon_Auto.HGY.4.1.6.0,"Snapdragon_Auto.HGY.4.1.6.0_PDT - [Snapdragon_Auto.HGY.4.1.6.0.r1-00242-STD.INT-1] - APPS Crash - Kernel panic - not syncing: sysrq triggered crash, UEFI mode enabled, UEFI Cookie : 0x75656669",https://jira-dc2-tools.qualcomm.com/jira/browse/DROIDBUG-15940337
DROIDBUG-15940375,2026-10-05T06:03:10.000-0700,Manisha Nakka,Rejected,DROIDBUG,Task,Snapdragon_Auto.HGY.4.1.6.0,"Snapdragon_Auto.HGY.4.1.6.0_PDT - [Snapdragon_Auto.HGY.4.1.6.0.r1-00242-STD.INT-1] - APPS Crash - Kernel panic - not syncing: sysrq triggered crash, UEFI mode enabled, UEFI Cookie : 0x75656669",https://jira-dc2-tools.qualcomm.com/jira/browse/DROIDBUG-15940375
DROIDBUG-15940564,2026-10-05T08:39:53.000-0700,Manisha Nakka,Open,DROIDBUG,Task,SA8775P.HGY.4.1.9.0,Snapdragon_Auto.HGY.4.1.9.0_PDT - [SA8775P.HGY.4.1.9.0-00022-STD.INT-1] - ProcessDump - [LINUX_PROCESS_CRASH] EGLWLMockNaviga,https://jira-dc2-tools.qualcomm.com/jira/browse/DROIDBUG-15940564
DROIDBUG-15940565,2026-10-05T08:40:25.000-0700,Manisha Nakka,Open,DROIDBUG,Task,SA8775P.HGY.4.1.9.0,Snapdragon_Auto.HGY.4.1.9.0_PDT - [SA8775P.HGY.4.1.9.0-00022-STD.INT-1] - ProcessDump - [LINUX_PROCESS_CRASH] weston-simple-d,https://jira-dc2-tools.qualcomm.com/jira/browse/DROIDBUG-15940565
DROIDBUG-15940566,2026-10-05T08:40:59.000-0700,Manisha Nakka,Open,DROIDBUG,Task,SA8775P.HGY.4.1.9.0,Snapdragon_Auto.HGY.4.1.9.0_PDT - [SA8775P.HGY.4.1.9.0-00022-STD.INT-1] - ProcessDump - [LINUX_PROCESS_CRASH] weston-simple-e,https://jira-dc2-tools.qualcomm.com/jira/browse/DROIDBUG-15940566
DROIDBUG-15940569,2026-10-05T08:41:34.000-0700,Manisha Nakka,Open,DROIDBUG,Task,SA8775P.HGY.4.1.9.0,Snapdragon_Auto.HGY.4.1.9.0_PDT - [SA8775P.HGY.4.1.9.0-00022-STD.INT-1] - ProcessDump - [LINUX_PROCESS_CRASH] weston-simple-s,https://jira-dc2-tools.qualcomm.com/jira/browse/DROIDBUG-15940569
DROIDBUG-15940682,2026-10-05T09:41:07.000-0700,Manisha Nakka,S1_ANALYSIS,DROIDBUG,Task,Snapdragon_Auto.HGY.4.1.6.0,"Snapdragon_Auto.HGY.4.1.6.0_PDT - [Snapdragon_Auto.HGY.4.1.6.0.r1-00242-STD.INT-1] - GCC_RESET_STATUS : 0x4202, UEFI mode enabled, UEFI Cookie : 0x75656669",https://jira-dc2-tools.qualcomm.com/jira/browse/DROIDBUG-15940682
DROIDBUG-15940697,2026-10-05T09:52:42.000-0700,Manisha Nakka,Rejected,DROIDBUG,Task,Snapdragon_Auto.HGY.4.1.6.0,"Snapdragon_Auto.HGY.4.1.6.0_PDT - [Snapdragon_Auto.HGY.4.1.6.0.r1-00242-STD.INT-1] - APPS Crash - Kernel panic - not syncing: sysrq triggered crash, UEFI mode enabled, UEFI Cookie : 0x75656669",https://jira-dc2-tools.qualcomm.com/jira/browse/DROIDBUG-15940697
DROIDBUG-15940766,2026-10-05T10:18:48.000-0700,Manisha Nakka,S1_ANALYSIS,DROIDBUG,Task,Snapdragon_Auto.HGY.4.1.8.0.r2,"Snapdragon_Auto.HGY.4.1.8.0.r2_PDT - [Snapdragon_Auto.HGY.4.1.8.0.r2-00038-STD.INT-1] - TZ - Watchdog bite from VM 16 - 0x00000001   (APPS_ERR_FATAL_NON_SECURE_WDT      ) on CPU 1, UEFI mode enabled, UEFI Cookie : 0x75656669",https://jira-dc2-tools.qualcomm.com/jira/browse/DROIDBUG-15940766
DROIDBUG-15940770,2026-10-05T10:21:25.000-0700,Manisha Nakka,S1_ANALYSIS,DROIDBUG,Task,Snapdragon_Auto.HGY.4.1.6.0,"Snapdragon_Auto.HGY.4.1.6.0_PDT - [Snapdragon_Auto.HGY.4.1.6.0.r1-00242-STD.INT-1] - GCC_RESET_STATUS : 0x4202, UEFI mode enabled, UEFI Cookie : 0x75656669",https://jira-dc2-tools.qualcomm.com/jira/browse/DROIDBUG-15940770
DROIDBUG-15940883,2026-10-05T11:15:35.000-0700,Manisha Nakka,Rejected,DROIDBUG,Task,Snapdragon_Auto.HGY.4.1.6.0,"Snapdragon_Auto.HGY.4.1.6.0_PDT - [Snapdragon_Auto.HGY.4.1.6.0.r1-00242-STD.INT-1] - APPS Crash - Kernel panic - not syncing: sysrq triggered crash, UEFI mode enabled, UEFI Cookie : 0x75656669",https://jira-dc2-tools.qualcomm.com/jira/browse/DROIDBUG-15940883
DROIDBUG-15940931,2026-10-05T11:46:13.000-0700,Manisha Nakka,Rejected,DROIDBUG,Task,Snapdragon_Auto.HGY.4.1.6.0,"Snapdragon_Auto.HGY.4.1.6.0_PDT - [Snapdragon_Auto.HGY.4.1.6.0.r1-00242-STD.INT-1] - APPS Crash - Kernel panic - not syncing: sysrq triggered crash, UEFI mode enabled, UEFI Cookie : 0x75656669",https://jira-dc2-tools.qualcomm.com/jira/browse/DROIDBUG-15940931
DROIDBUG-15940932,2026-10-05T11:46:14.000-0700,Manisha Nakka,S1_ANALYSIS,DROIDBUG,Task,Snapdragon_Auto.HGY.4.1.8.0.r2,"Snapdragon_Auto.HGY.4.1.8.0.r2_PDT - [Snapdragon_Auto.HGY.4.1.8.0.r2-00038-STD.INT-1] - APPS Crash - Kernel panic - not syncing: sysrq triggered crash, UEFI mode enabled, UEFI Cookie : 0x75656669",https://jira-dc2-tools.qualcomm.com/jira/browse/DROIDBUG-15940932
DROIDBUG-15940964,2026-10-05T11:57:26.000-0700,Manisha Nakka,S1_ANALYSIS,DROIDBUG,Task,Snapdragon_Auto.HGY.4.1.6.0,"Snapdragon_Auto.HGY.4.1.6.0_PDT - [Snapdragon_Auto.HGY.4.1.6.0.r1-00242-STD.INT-1] - GCC_RESET_STATUS : 0x4202, UEFI mode enabled, UEFI Cookie : 0x75656669",https://jira-dc2-tools.qualcomm.com/jira/browse/DROIDBUG-15940964
DROIDBUG-15941040,2026-10-05T12:37:54.000-0700,Manisha Nakka,S1_ANALYSIS,DROIDBUG,Task,Snapdragon_Auto.HGY.4.1.6.0,"Snapdragon_Auto.HGY.4.1.6.0_PDT - [Snapdragon_Auto.HGY.4.1.6.0.r1-00242-STD.INT-1] - GCC_RESET_STATUS : 0x4202, UEFI mode enabled, UEFI Cookie : 0x75656669",https://jira-dc2-tools.qualcomm.com/jira/browse/DROIDBUG-15941040
DROIDBUG-15941147,2026-10-05T13:31:44.000-0700,Manisha Nakka,Rejected,DROIDBUG,Task,Snapdragon_Auto.HGY.4.1.6.0,"Snapdragon_Auto.HGY.4.1.6.0_PDT - [Snapdragon_Auto.HGY.4.1.6.0.r1-00242-STD.INT-1] - APPS Crash - Kernel panic - not syncing: sysrq triggered crash, UEFI mode enabled, UEFI Cookie : 0x75656669",https://jira-dc2-tools.qualcomm.com/jira/browse/DROIDBUG-15941147
DROIDBUG-15941161,2026-10-05T13:39:09.000-0700,Manisha Nakka,Rejected,DROIDBUG,Task,Snapdragon_Auto.HGY.4.1.6.0,"Snapdragon_Auto.HGY.4.1.6.0_PDT - [Snapdragon_Auto.HGY.4.1.6.0.r1-00242-STD.INT-1] - APPS Crash - Kernel panic - not syncing: sysrq triggered crash, UEFI mode enabled, UEFI Cookie : 0x75656669",https://jira-dc2-tools.qualcomm.com/jira/browse/DROIDBUG-15941161
DROIDBUG-15941239,2026-10-05T14:13:38.000-0700,Manisha Nakka,S1_ANALYSIS,DROIDBUG,Task,Snapdragon_Auto.HGY.4.1.6.0,"Snapdragon_Auto.HGY.4.1.6.0_PDT - [Snapdragon_Auto.HGY.4.1.6.0.r1-00242-STD.INT-1] - GCC_RESET_STATUS : 0x4202, UEFI mode enabled, UEFI Cookie : 0x75656669",https://jira-dc2-tools.qualcomm.com/jira/browse/DROIDBUG-15941239
DROIDBUG-15941354,2026-10-05T15:06:27.000-0700,Manisha Nakka,Rejected,DROIDBUG,Task,Snapdragon_Auto.HGY.4.1.6.0,"Snapdragon_Auto.HGY.4.1.6.0_PDT - [Snapdragon_Auto.HGY.4.1.6.0.r1-00242-STD.INT-1] - APPS Crash - Kernel panic - not syncing: sysrq triggered crash, UEFI mode enabled, UEFI Cookie : 0x75656669",https://jira-dc2-tools.qualcomm.com/jira/browse/DROIDBUG-15941354
DROIDBUG-15941356,2026-10-05T15:06:38.000-0700,Manisha Nakka,Open,DROIDBUG,Task,SA8775P.HGY.4.1.9.0,Snapdragon_Auto.HGY.4.1.9.0_PDT - [SA8775P.HGY.4.1.9.0-00022-STD.INT-1] - ProcessDump - [LINUX_PROCESS_CRASH] EGLWLMockNaviga,https://jira-dc2-tools.qualcomm.com/jira/browse/DROIDBUG-15941356
DROIDBUG-15941372,2026-10-05T15:07:12.000-0700,Manisha Nakka,Open,DROIDBUG,Task,SA8775P.HGY.4.1.9.0,Snapdragon_Auto.HGY.4.1.9.0_PDT - [SA8775P.HGY.4.1.9.0-00022-STD.INT-1] - ProcessDump - [LINUX_PROCESS_CRASH] weston-simple-d,https://jira-dc2-tools.qualcomm.com/jira/browse/DROIDBUG-15941372
DROIDBUG-15941377,2026-10-05T15:07:43.000-0700,Manisha Nakka,Open,DROIDBUG,Task,SA8775P.HGY.4.1.9.0,Snapdragon_Auto.HGY.4.1.9.0_PDT - [SA8775P.HGY.4.1.9.0-00022-STD.INT-1] - ProcessDump - [LINUX_PROCESS_CRASH] weston-simple-e,https://jira-dc2-tools.qualcomm.com/jira/browse/DROIDBUG-15941377
DROIDBUG-15941383,2026-10-05T15:09:17.000-0700,Manisha Nakka,Open,DROIDBUG,Task,SA8775P.HGY.4.1.9.0,Snapdragon_Auto.HGY.4.1.9.0_PDT - [SA8775P.HGY.4.1.9.0-00022-STD.INT-1] - ProcessDump - [LINUX_PROCESS_CRASH] weston-simple-s,https://jira-dc2-tools.qualcomm.com/jira/browse/DROIDBUG-15941383
DROIDBUG-15941404,2026-10-05T15:19:40.000-0700,Manisha Nakka,Open,DROIDBUG,Task,SA8775P.HGY.4.1.9.0,Snapdragon_Auto.HGY.4.1.9.0_PDT - [SA8775P.HGY.4.1.9.0-00022-STD.INT-1] - ProcessDump - [LINUX_PROCESS_CRASH] weston-simple-e,https://jira-dc2-tools.qualcomm.com/jira/browse/DROIDBUG-15941404
DROIDBUG-15941440,2026-10-05T15:32:06.000-0700,Manisha Nakka,Rejected,DROIDBUG,Task,Snapdragon_Auto.HGY.4.1.6.0,"Snapdragon_Auto.HGY.4.1.6.0_PDT - [Snapdragon_Auto.HGY.4.1.6.0.r1-00242-STD.INT-1] - APPS Crash - Kernel panic - not syncing: sysrq triggered crash, UEFI mode enabled, UEFI Cookie : 0x75656669",https://jira-dc2-tools.qualcomm.com/jira/browse/DROIDBUG-15941440
DROIDBUG-15941529,2026-10-05T15:59:42.000-0700,Manisha Nakka,Rejected,DROIDBUG,Task,Snapdragon_Auto.HGY.4.1.6.0,"Snapdragon_Auto.HGY.4.1.6.0_PDT - [Snapdragon_Auto.HGY.4.1.6.0.r1-00242-STD.INT-1] - APPS Crash - Kernel panic - not syncing: sysrq triggered crash, UEFI mode enabled, UEFI Cookie : 0x75656669",https://jira-dc2-tools.qualcomm.com/jira/browse/DROIDBUG-15941529
DROIDBUG-15941613,2026-10-05T16:44:02.000-0700,Manisha Nakka,S1_ANALYSIS,DROIDBUG,Task,Snapdragon_Auto.HGY.4.1.6.0,"Snapdragon_Auto.HGY.4.1.6.0_PDT - [Snapdragon_Auto.HGY.4.1.6.0.r1-00242-STD.INT-1] - GCC_RESET_STATUS : 0x4202, UEFI mode enabled, UEFI Cookie : 0x75656669",https://jira-dc2-tools.qualcomm.com/jira/browse/DROIDBUG-15941613
DROIDBUG-15941671,2026-10-05T17:24:49.000-0700,Manisha Nakka,Rejected,DROIDBUG,Task,Snapdragon_Auto.HGY.4.1.6.0,"Snapdragon_Auto.HGY.4.1.6.0_PDT - [Snapdragon_Auto.HGY.4.1.6.0.r1-00242-STD.INT-1] - APPS Crash - Kernel panic - not syncing: sysrq triggered crash, UEFI mode enabled, UEFI Cookie : 0x75656669",https://jira-dc2-tools.qualcomm.com/jira/browse/DROIDBUG-15941671
DROIDBUG-15941682,2026-10-05T17:29:43.000-0700,Manisha Nakka,Open,DROIDBUG,Task,SA8775P.HGY.4.1.9.0,Snapdragon_Auto.HGY.4.1.9.0_PDT - [SA8775P.HGY.4.1.9.0-00022-STD.INT-1] - ProcessDump - [LINUX_PROCESS_CRASH] weston-simple-e,https://jira-dc2-tools.qualcomm.com/jira/browse/DROIDBUG-15941682
DROIDBUG-15941696,2026-10-05T17:36:15.000-0700,Manisha Nakka,Rejected,DROIDBUG,Task,Snapdragon_Auto.HGY.4.1.6.0,"Snapdragon_Auto.HGY.4.1.6.0_PDT - [Snapdragon_Auto.HGY.4.1.6.0.r1-00242-STD.INT-1] - APPS Crash - Kernel panic - not syncing: sysrq triggered crash, UEFI mode enabled, UEFI Cookie : 0x75656669",https://jira-dc2-tools.qualcomm.com/jira/browse/DROIDBUG-15941696
DROIDBUG-15941739,2026-10-05T17:48:56.000-0700,Manisha Nakka,S1_ANALYSIS,DROIDBUG,Task,SA8775P.HGY.4.1.9.0,Snapdragon_Auto.HGY.4.1.9.0_PDT - [SA8775P.HGY.4.1.9.0-00022-STD.INT-1] - Undetermined crash root cause,https://jira-dc2-tools.qualcomm.com/jira/browse/DROIDBUG-15941739
DROIDBUG-15941864,2026-10-05T18:30:51.000-0700,Manisha Nakka,Rejected,DROIDBUG,Task,Snapdragon_Auto.HGY.4.1.6.0,"Snapdragon_Auto.HGY.4.1.6.0_PDT - [Snapdragon_Auto.HGY.4.1.6.0.r1-00242-STD.INT-1] - APPS Crash - Kernel panic - not syncing: sysrq triggered crash, UEFI mode enabled, UEFI Cookie : 0x75656669",https://jira-dc2-tools.qualcomm.com/jira/browse/DROIDBUG-15941864
DROIDBUG-15941973,2026-10-05T19:16:17.000-0700,Manisha Nakka,Rejected,DROIDBUG,Task,Snapdragon_Auto.HGY.4.1.6.0,"Snapdragon_Auto.HGY.4.1.6.0_PDT - [Snapdragon_Auto.HGY.4.1.6.0.r1-00242-STD.INT-1] - APPS Crash - Kernel panic - not syncing: sysrq triggered crash, UEFI mode enabled, UEFI Cookie : 0x75656669",https://jira-dc2-tools.qualcomm.com/jira/browse/DROIDBUG-15941973
DROIDBUG-15941990,2026-10-05T19:22:49.000-0700,Manisha Nakka,Rejected,DROIDBUG,Task,Snapdragon_Auto.HGY.4.1.6.0,"Snapdragon_Auto.HGY.4.1.6.0_PDT - [Snapdragon_Auto.HGY.4.1.6.0.r1-00242-STD.INT-1] - APPS Crash - Kernel panic - not syncing: sysrq triggered crash, UEFI mode enabled, UEFI Cookie : 0x75656669",https://jira-dc2-tools.qualcomm.com/jira/browse/DROIDBUG-15941990
DROIDBUG-15942106,2026-10-05T20:11:47.000-0700,Manisha Nakka,Rejected,DROIDBUG,Task,Snapdragon_Auto.HGY.4.1.6.0,"Snapdragon_Auto.HGY.4.1.6.0_PDT - [Snapdragon_Auto.HGY.4.1.6.0.r1-00242-STD.INT-1] - APPS Crash - Kernel panic - not syncing: sysrq triggered crash, UEFI mode enabled, UEFI Cookie : 0x75656669",https://jira-dc2-tools.qualcomm.com/jira/browse/DROIDBUG-15942106
DROIDBUG-15942270,2026-10-05T20:58:58.000-0700,Manisha Nakka,Open,DROIDBUG,Task,SA8775P.HGY.4.1.9.0,Snapdragon_Auto.HGY.4.1.9.0_PDT - [SA8775P.HGY.4.1.9.0-00022-STD.INT-1] - ProcessDump - [LINUX_PROCESS_CRASH] EGLWLMockNaviga,https://jira-dc2-tools.qualcomm.com/jira/browse/DROIDBUG-15942270
DROIDBUG-15942274,2026-10-05T21:02:02.000-0700,Manisha Nakka,Open,DROIDBUG,Task,SA8775P.HGY.4.1.9.0,Snapdragon_Auto.HGY.4.1.9.0_PDT - [SA8775P.HGY.4.1.9.0-00022-STD.INT-1] - ProcessDump - [LINUX_PROCESS_CRASH] weston-simple-d,https://jira-dc2-tools.qualcomm.com/jira/browse/DROIDBUG-15942274
DROIDBUG-15942275,2026-10-05T21:02:32.000-0700,Manisha Nakka,Open,DROIDBUG,Task,SA8775P.HGY.4.1.9.0,Snapdragon_Auto.HGY.4.1.9.0_PDT - [SA8775P.HGY.4.1.9.0-00022-STD.INT-1] - ProcessDump - [LINUX_PROCESS_CRASH] weston-simple-e,https://jira-dc2-tools.qualcomm.com/jira/browse/DROIDBUG-15942275
DROIDBUG-15942277,2026-10-05T21:03:01.000-0700,Manisha Nakka,Open,DROIDBUG,Task,SA8775P.HGY.4.1.9.0,Snapdragon_Auto.HGY.4.1.9.0_PDT - [SA8775P.HGY.4.1.9.0-00022-STD.INT-1] - ProcessDump - [LINUX_PROCESS_CRASH] weston-simple-s,https://jira-dc2-tools.qualcomm.com/jira/browse/DROIDBUG-15942277
DROIDBUG-15942280,2026-10-05T21:03:31.000-0700,Manisha Nakka,Open,DROIDBUG,Task,SA8775P.HGY.4.1.9.0,Snapdragon_Auto.HGY.4.1.9.0_PDT - [SA8775P.HGY.4.1.9.0-00022-STD.INT-1] - ProcessDump - [LINUX_PROCESS_CRASH] EGLWLMockNaviga,https://jira-dc2-tools.qualcomm.com/jira/browse/DROIDBUG-15942280
DROIDBUG-15942293,2026-10-05T21:09:25.000-0700,Manisha Nakka,Rejected,DROIDBUG,Task,Snapdragon_Auto.HGY.4.1.6.0,"Snapdragon_Auto.HGY.4.1.6.0_PDT - [Snapdragon_Auto.HGY.4.1.6.0.r1-00242-STD.INT-1] - APPS Crash - Kernel panic - not syncing: sysrq triggered crash, UEFI mode enabled, UEFI Cookie : 0x75656669",https://jira-dc2-tools.qualcomm.com/jira/browse/DROIDBUG-15942293
DROIDBUG-15942295,2026-10-05T21:10:52.000-0700,Manisha Nakka,Rejected,DROIDBUG,Task,Snapdragon_Auto.HGY.4.1.6.0,"Snapdragon_Auto.HGY.4.1.6.0_PDT - [Snapdragon_Auto.HGY.4.1.6.0.r1-00242-STD.INT-1] - APPS Crash - Kernel panic - not syncing: sysrq triggered crash, UEFI mode enabled, UEFI Cookie : 0x75656669",https://jira-dc2-tools.qualcomm.com/jira/browse/DROIDBUG-15942295
DROIDBUG-15942526,2026-10-05T22:07:47.000-0700,Manisha Nakka,Rejected,DROIDBUG,Task,Snapdragon_Auto.HGY.4.1.6.0,"Snapdragon_Auto.HGY.4.1.6.0_PDT - [Snapdragon_Auto.HGY.4.1.6.0.r1-00242-STD.INT-1] - APPS Crash - Kernel panic - not syncing: sysrq triggered crash, UEFI mode enabled, UEFI Cookie : 0x75656669",https://jira-dc2-tools.qualcomm.com/jira/browse/DROIDBUG-15942526
DROIDBUG-15942810,2026-10-05T23:01:55.000-0700,Manisha Nakka,Rejected,DROIDBUG,Task,Snapdragon_Auto.HGY.4.1.6.0,"Snapdragon_Auto.HGY.4.1.6.0_PDT - [Snapdragon_Auto.HGY.4.1.6.0.r1-00242-STD.INT-1] - APPS Crash - Kernel panic - not syncing: sysrq triggered crash, UEFI mode enabled, UEFI Cookie : 0x75656669",https://jira-dc2-tools.qualcomm.com/jira/browse/DROIDBUG-15942810
DROIDBUG-15942812,2026-10-05T23:02:28.000-0700,Manisha Nakka,Rejected,DROIDBUG,Task,Snapdragon_Auto.HGY.4.1.6.0,"Snapdragon_Auto.HGY.4.1.6.0_PDT - [Snapdragon_Auto.HGY.4.1.6.0.r1-00242-STD.INT-1] - APPS Crash - Kernel panic - not syncing: sysrq triggered crash, UEFI mode enabled, UEFI Cookie : 0x75656669",https://jira-dc2-tools.qualcomm.com/jira/browse/DROIDBUG-15942812
DROIDBUG-15942868,2026-10-05T23:22:08.000-0700,Manisha Nakka,Open,DROIDBUG,Task,SA8775P.HGY.4.1.9.0,Snapdragon_Auto.HGY.4.1.9.0_PDT - [SA8775P.HGY.4.1.9.0-00022-STD.INT-1] - ProcessDump - [LINUX_PROCESS_CRASH] EGLWLMockNaviga,https://jira-dc2-tools.qualcomm.com/jira/browse/DROIDBUG-15942868
DROIDBUG-15942903,2026-10-05T23:43:10.000-0700,Manisha Nakka,S1_ANALYSIS,DROIDBUG,Task,Snapdragon_Auto.HGY.4.1.8.0.r2,"Snapdragon_Auto.HGY.4.1.8.0.r2_PDT - [Snapdragon_Auto.HGY.4.1.8.0.r2-00038-STD.INT-1] - APPS Crash - Kernel panic - not syncing: sysrq triggered crash, UEFI mode enabled, UEFI Cookie : 0x75656669",https://jira-dc2-tools.qualcomm.com/jira/browse/DROIDBUG-15942903
DROIDBUG-15942919,2026-10-05T23:50:36.000-0700,Manisha Nakka,Rejected,DROIDBUG,Task,Snapdragon_Auto.HGY.4.1.6.0,"Snapdragon_Auto.HGY.4.1.6.0_PDT - [Snapdragon_Auto.HGY.4.1.6.0.r1-00242-STD.INT-1] - APPS Crash - Kernel panic - not syncing: sysrq triggered crash, UEFI mode enabled, UEFI Cookie : 0x75656669",https://jira-dc2-tools.qualcomm.com/jira/browse/DROIDBUG-15942919
DROIDBUG-15943071,2026-10-06T00:37:53.000-0700,Manisha Nakka,Rejected,DROIDBUG,Task,Snapdragon_Auto.HGY.4.1.6.0,"Snapdragon_Auto.HGY.4.1.6.0_PDT - [Snapdragon_Auto.HGY.4.1.6.0.r1-00242-STD.INT-1] - APPS Crash - Kernel panic - not syncing: sysrq triggered crash, UEFI mode enabled, UEFI Cookie : 0x75656669",https://jira-dc2-tools.qualcomm.com/jira/browse/DROIDBUG-15943071
DROIDBUG-15943109,2026-10-06T00:55:40.000-0700,Manisha Nakka,Rejected,DROIDBUG,Task,Snapdragon_Auto.HGY.4.1.6.0,"Snapdragon_Auto.HGY.4.1.6.0_PDT - [Snapdragon_Auto.HGY.4.1.6.0.r1-00242-STD.INT-1] - APPS Crash - Kernel panic - not syncing: sysrq triggered crash, UEFI mode enabled, UEFI Cookie : 0x75656669",https://jira-dc2-tools.qualcomm.com/jira/browse/DROIDBUG-15943109
DROIDBUG-15943169,2026-10-06T01:34:29.000-0700,Manisha Nakka,Rejected,DROIDBUG,Task,Snapdragon_Auto.HGY.4.1.6.0,"Snapdragon_Auto.HGY.4.1.6.0_PDT - [Snapdragon_Auto.HGY.4.1.6.0.r1-00242-STD.INT-1] - APPS Crash - Kernel panic - not syncing: sysrq triggered crash, UEFI mode enabled, UEFI Cookie : 0x75656669",https://jira-dc2-tools.qualcomm.com/jira/browse/DROIDBUG-15943169
DROIDBUG-15943201,2026-10-06T01:50:39.000-0700,Manisha Nakka,Closed,DROIDBUG,Task,Snapdragon_Auto.HGY.4.1.8.0.r2,Snapdragon_Auto.HGY.4.1.8.0.r2_PDT - [Snapdragon_Auto.HGY.4.1.8.0.r2-00038-STD.INT-1] - ProcessDump - [LINUX_PROCESS_CRASH] eva_test,https://jira-dc2-tools.qualcomm.com/jira/browse/DROIDBUG-15943201
DROIDBUG-15943290,2026-10-06T02:21:16.000-0700,Manisha Nakka,Rejected,DROIDBUG,Task,Snapdragon_Auto.HGY.4.1.6.0,"Snapdragon_Auto.HGY.4.1.6.0_PDT - [Snapdragon_Auto.HGY.4.1.6.0.r1-00242-STD.INT-1] - APPS Crash - Kernel panic - not syncing: sysrq triggered crash, UEFI mode enabled, UEFI Cookie : 0x75656669",https://jira-dc2-tools.qualcomm.com/jira/browse/DROIDBUG-15943290
DROIDBUG-15943353,2026-10-06T02:49:16.000-0700,Manisha Nakka,Open,DROIDBUG,Task,SA8775P.HGY.4.1.9.0,Snapdragon_Auto.HGY.4.1.9.0_PDT - [SA8775P.HGY.4.1.9.0-00022-STD.INT-1] - ProcessDump - [LINUX_PROCESS_CRASH] EGLWLMockNaviga,https://jira-dc2-tools.qualcomm.com/jira/browse/DROIDBUG-15943353
DROIDBUG-15943355,2026-10-06T02:49:19.000-0700,Manisha Nakka,Rejected,DROIDBUG,Task,Snapdragon_Auto.HGY.4.1.6.0,"Snapdragon_Auto.HGY.4.1.6.0_PDT - [Snapdragon_Auto.HGY.4.1.6.0.r1-00242-STD.INT-1] - APPS Crash - Kernel panic - not syncing: sysrq triggered crash, UEFI mode enabled, UEFI Cookie : 0x75656669",https://jira-dc2-tools.qualcomm.com/jira/browse/DROIDBUG-15943355
DROIDBUG-15943356,2026-10-06T02:49:48.000-0700,Manisha Nakka,Open,DROIDBUG,Task,SA8775P.HGY.4.1.9.0,Snapdragon_Auto.HGY.4.1.9.0_PDT - [SA8775P.HGY.4.1.9.0-00022-STD.INT-1] - ProcessDump - [LINUX_PROCESS_CRASH] weston-simple-d,https://jira-dc2-tools.qualcomm.com/jira/browse/DROIDBUG-15943356
DROIDBUG-15943358,2026-10-06T02:50:19.000-0700,Manisha Nakka,Open,DROIDBUG,Task,SA8775P.HGY.4.1.9.0,Snapdragon_Auto.HGY.4.1.9.0_PDT - [SA8775P.HGY.4.1.9.0-00022-STD.INT-1] - ProcessDump - [LINUX_PROCESS_CRASH] weston-simple-e,https://jira-dc2-tools.qualcomm.com/jira/browse/DROIDBUG-15943358
DROIDBUG-15943359,2026-10-06T02:50:50.000-0700,Manisha Nakka,Open,DROIDBUG,Task,SA8775P.HGY.4.1.9.0,Snapdragon_Auto.HGY.4.1.9.0_PDT - [SA8775P.HGY.4.1.9.0-00022-STD.INT-1] - ProcessDump - [LINUX_PROCESS_CRASH] weston-simple-s,https://jira-dc2-tools.qualcomm.com/jira/browse/DROIDBUG-15943359
DROIDBUG-15943406,2026-10-06T03:08:54.000-0700,Manisha Nakka,Open,DROIDBUG,Task,SA8775P.HGY.4.1.9.0,Snapdragon_Auto.HGY.4.1.9.0_PDT - [SA8775P.HGY.4.1.9.0-00022-STD.INT-1] - ProcessDump - [LINUX_PROCESS_CRASH] weston-simple-s,https://jira-dc2-tools.qualcomm.com/jira/browse/DROIDBUG-15943406
DROIDBUG-15943435,2026-10-06T03:18:43.000-0700,Manisha Nakka,Rejected,DROIDBUG,Task,Snapdragon_Auto.HGY.4.1.6.0,"Snapdragon_Auto.HGY.4.1.6.0_PDT - [Snapdragon_Auto.HGY.4.1.6.0.r1-00242-STD.INT-1] - APPS Crash - Kernel panic - not syncing: sysrq triggered crash, UEFI mode enabled, UEFI Cookie : 0x75656669",https://jira-dc2-tools.qualcomm.com/jira/browse/DROIDBUG-15943435
DROIDBUG-15943539,2026-10-06T04:15:47.000-0700,Manisha Nakka,Rejected,DROIDBUG,Task,Snapdragon_Auto.HGY.4.1.6.0,"Snapdragon_Auto.HGY.4.1.6.0_PDT - [Snapdragon_Auto.HGY.4.1.6.0.r1-00242-STD.INT-1] - APPS Crash - Kernel panic - not syncing: sysrq triggered crash, UEFI mode enabled, UEFI Cookie : 0x75656669",https://jira-dc2-tools.qualcomm.com/jira/browse/DROIDBUG-15943539
DROIDBUG-15943596,2026-10-06T04:41:48.000-0700,Manisha Nakka,Rejected,DROIDBUG,Task,Snapdragon_Auto.HGY.4.1.6.0,"Snapdragon_Auto.HGY.4.1.6.0_PDT - [Snapdragon_Auto.HGY.4.1.6.0.r1-00242-STD.INT-1] - APPS Crash - Kernel panic - not syncing: sysrq triggered crash, UEFI mode enabled, UEFI Cookie : 0x75656669",https://jira-dc2-tools.qualcomm.com/jira/browse/DROIDBUG-15943596
DROIDBUG-15943676,2026-10-06T05:13:56.000-0700,Manisha Nakka,Rejected,DROIDBUG,Task,Snapdragon_Auto.HGY.4.1.6.0,"Snapdragon_Auto.HGY.4.1.6.0_PDT - [Snapdragon_Auto.HGY.4.1.6.0.r1-00242-STD.INT-1] - APPS Crash - Kernel panic - not syncing: sysrq triggered crash, UEFI mode enabled, UEFI Cookie : 0x75656669",https://jira-dc2-tools.qualcomm.com/jira/browse/DROIDBUG-15943676
DROIDBUG-15943688,2026-10-06T05:19:02.000-0700,Manisha Nakka,Open,DROIDBUG,Task,SA8775P.HGY.4.1.9.0,Snapdragon_Auto.HGY.4.1.9.0_PDT - [SA8775P.HGY.4.1.9.0-00022-STD.INT-1] - ProcessDump - [LINUX_PROCESS_CRASH] weston-simple-s,https://jira-dc2-tools.qualcomm.com/jira/browse/DROIDBUG-15943688
DROIDBUG-15943800,2026-10-06T06:11:43.000-0700,Manisha Nakka,Rejected,DROIDBUG,Task,Snapdragon_Auto.HGY.4.1.6.0,"Snapdragon_Auto.HGY.4.1.6.0_PDT - [Snapdragon_Auto.HGY.4.1.6.0.r1-00242-STD.INT-1] - APPS Crash - Kernel panic - not syncing: sysrq triggered crash, UEFI mode enabled, UEFI Cookie : 0x75656669",https://jira-dc2-tools.qualcomm.com/jira/browse/DROIDBUG-15943800
DROIDBUG-15943851,2026-10-06T06:34:55.000-0700,Manisha Nakka,Rejected,DROIDBUG,Task,Snapdragon_Auto.HGY.4.1.6.0,"Snapdragon_Auto.HGY.4.1.6.0_PDT - [Snapdragon_Auto.HGY.4.1.6.0.r1-00242-STD.INT-1] - APPS Crash - Kernel panic - not syncing: sysrq triggered crash, UEFI mode enabled, UEFI Cookie : 0x75656669",https://jira-dc2-tools.qualcomm.com/jira/browse/DROIDBUG-15943851
DROIDBUG-15943926,2026-10-06T06:58:49.000-0700,Manisha Nakka,Rejected,DROIDBUG,Task,Snapdragon_Auto.HGY.4.1.6.0,"Snapdragon_Auto.HGY.4.1.6.0_PDT - [Snapdragon_Auto.HGY.4.1.6.0.r1-00242-STD.INT-1] - APPS Crash - Kernel panic - not syncing: sysrq triggered crash, UEFI mode enabled, UEFI Cookie : 0x75656669",https://jira-dc2-tools.qualcomm.com/jira/browse/DROIDBUG-15943926
DROIDBUG-15944010,2026-10-06T07:41:04.000-0700,Manisha Nakka,S1_ANALYSIS,DROIDBUG,Task,Snapdragon_Auto.HGY.4.1.6.0,"Snapdragon_Auto.HGY.4.1.6.0_PDT - [Snapdragon_Auto.HGY.4.1.6.0.r1-00242-STD.INT-1] - GCC_RESET_STATUS : 0x4202, UEFI mode enabled, UEFI Cookie : 0x75656669",https://jira-dc2-tools.qualcomm.com/jira/browse/DROIDBUG-15944010
DROIDBUG-15944063,2026-10-06T08:20:33.000-0700,Manisha Nakka,Rejected,DROIDBUG,Task,Snapdragon_Auto.HGY.4.1.6.0,"Snapdragon_Auto.HGY.4.1.6.0_PDT - [Snapdragon_Auto.HGY.4.1.6.0.r1-00242-STD.INT-1] - APPS Crash - Kernel panic - not syncing: sysrq triggered crash, UEFI mode enabled, UEFI Cookie : 0x75656669",https://jira-dc2-tools.qualcomm.com/jira/browse/DROIDBUG-15944063
DROIDBUG-15944075,2026-10-06T08:26:59.000-0700,Manisha Nakka,Rejected,DROIDBUG,Task,Snapdragon_Auto.HGY.4.1.6.0,"Snapdragon_Auto.HGY.4.1.6.0_PDT - [Snapdragon_Auto.HGY.4.1.6.0.r1-00242-STD.INT-1] - APPS Crash - Kernel panic - not syncing: sysrq triggered crash, UEFI mode enabled, UEFI Cookie : 0x75656669",https://jira-dc2-tools.qualcomm.com/jira/browse/DROIDBUG-15944075
DROIDBUG-15944142,2026-10-06T09:06:27.000-0700,Manisha Nakka,S1_ANALYSIS,DROIDBUG,Task,Snapdragon_Auto.HGY.4.1.6.0,"Snapdragon_Auto.HGY.4.1.6.0_PDT - [Snapdragon_Auto.HGY.4.1.6.0.r1-00242-STD.INT-1] - GCC_RESET_STATUS : 0x4202, UEFI mode enabled, UEFI Cookie : 0x75656669",https://jira-dc2-tools.qualcomm.com/jira/browse/DROIDBUG-15944142
DROIDBUG-15944262,2026-10-06T10:03:33.000-0700,Manisha Nakka,Open,DROIDBUG,Task,Snapdragon_Auto.HGY.4.1.6.0,"Snapdragon_Auto.HGY.4.1.6.0_PDT - [Snapdragon_Auto.HGY.4.1.6.0.r1-00242-STD.INT-1] - APPS Crash - Kernel panic - not syncing: sysrq triggered crash, UEFI mode enabled, UEFI Cookie : 0x75656669",https://jira-dc2-tools.qualcomm.com/jira/browse/DROIDBUG-15944262
DROIDBUG-15944290,2026-10-06T10:19:25.000-0700,Manisha Nakka,Open,DROIDBUG,Task,Snapdragon_Auto.HGY.4.1.6.0,"Snapdragon_Auto.HGY.4.1.6.0_PDT - [Snapdragon_Auto.HGY.4.1.6.0.r1-00242-STD.INT-1] - APPS Crash - Kernel panic - not syncing: sysrq triggered crash, UEFI mode enabled, UEFI Cookie : 0x75656669",https://jira-dc2-tools.qualcomm.com/jira/browse/DROIDBUG-15944290
DROIDBUG-15944336,2026-10-06T10:50:46.000-0700,Manisha Nakka,Open,DROIDBUG,Task,Snapdragon_Auto.HGY.4.1.6.0,"Snapdragon_Auto.HGY.4.1.6.0_PDT - [Snapdragon_Auto.HGY.4.1.6.0.r1-00242-STD.INT-1] - APPS Crash - Kernel panic - not syncing: sysrq triggered crash, UEFI mode enabled, UEFI Cookie : 0x75656669",https://jira-dc2-tools.qualcomm.com/jira/browse/DROIDBUG-15944336
